Year,Month,Price,Dividend,Earnings,CPI,GS10,Real Price,Real Dividend,Real Earnings
1871,1,4.44,0.26,0.40,12.46,5.32,86.03,5.04,7.75
1871,2,4.50,0.26,0.40,12.84,5.32,84.60,4.89,7.52
1871,3,4.61,0.26,0.40,13.03,5.33,85.41,4.82,7.41
1871,4,4.74,0.26,0.40,12.56,5.33,91.14,5.00,7.69
1871,5,4.86,0.26,0.40,12.27,5.33,95.62,5.12,7.87
1871,6,4.82,0.26,0.40,12.08,5.34,96.33,5.20,7.99
1871,7,4.73,0.26,0.40,12.08,5.34,94.53,5.20,7.99
1871,8,4.79,0.26,0.40,11.89,5.34,97.26,5.28,8.12
1871,9,4.84,0.26,0.40,12.18,5.35,95.97,5.16,7.93
1871,10,4.59,0.26,0.40,12.37,5.35,89.62,5.08,7.81
1871,11,4.64,0.26,0.40,12.37,5.35,90.59,5.08,7.81
1871,12,4.74,0.26,0.40,12.65,5.36,90.46,4.96,7.63
1872,1,4.86,0.26,0.40,12.65,5.36,92.75,5.02,7.68
1872,2,4.88,0.27,0.41,12.65,5.38,93.13,5.09,7.73
1872,3,5.04,0.27,0.41,12.84,5.40,94.76,5.08,7.66
1872,4,5.18,0.27,0.41,13.13,5.42,95.27,5.03,7.54
1872,5,5.18,0.28,0.41,13.13,5.43,95.27,5.09,7.59
1872,6,5.13,0.28,0.42,13.03,5.45,95.04,5.19,7.69
1872,7,5.10,0.28,0.42,12.84,5.47,95.88,5.33,7.85
1872,8,5.04,0.29,0.42,12.94,5.49,94.06,5.35,7.84
1872,9,4.95,0.29,0.42,13.03,5.51,91.71,5.37,7.83
1872,10,4.97,0.29,0.43,12.75,5.53,94.14,5.56,8.05
1872,11,4.95,0.30,0.43,13.13,5.54,91.04,5.46,7.86
1872,12,5.07,0.30,0.43,12.94,5.56,94.62,5.60,8.02
1873,1,5.11,0.30,0.43,12.94,5.58,95.37,5.65,8.07
1873,2,5.15,0.31,0.44,13.23,5.57,94.04,5.57,7.94
1873,3,5.11,0.31,0.44,13.23,5.56,93.31,5.61,7.99
1873,4,5.04,0.31,0.44,13.23,5.55,92.03,5.66,8.03
1873,5,5.05,0.31,0.44,12.94,5.54,94.25,5.83,8.26
1873,6,4.98,0.32,0.45,12.56,5.53,95.76,6.06,8.56
1873,7,4.97,0.32,0.45,12.56,5.53,95.56,6.10,8.60
1873,8,4.97,0.32,0.45,12.56,5.52,95.56,6.15,8.65
1873,9,4.59,0.32,0.45,12.56,5.51,88.26,6.20,8.70
1873,10,4.19,0.33,0.46,12.27,5.50,82.44,6.39,8.95
1873,11,4.04,0.33,0.46,11.89,5.49,82.03,6.65,9.29
1873,12,4.42,0.33,0.46,12.18,5.48,87.64,6.54,9.12
1874,1,4.66,0.33,0.46,12.37,5.47,90.98,6.44,8.98
1874,2,4.80,0.33,0.46,12.37,5.44,93.72,6.44,8.98
1874,3,4.73,0.33,0.46,12.37,5.40,92.35,6.44,8.98
1874,4,4.60,0.33,0.46,12.18,5.37,91.21,6.54,9.12
1874,5,4.48,0.33,0.46,12.08,5.34,89.53,6.60,9.19
1874,6,4.46,0.33,0.46,11.80,5.30,91.29,6.75,9.42
1874,7,4.46,0.33,0.46,11.89,5.27,90.56,6.70,9.34
1874,8,4.47,0.33,0.46,11.80,5.24,91.50,6.75,9.42
1874,9,4.54,0.33,0.46,11.80,5.20,92.93,6.75,9.42
1874,10,4.53,0.33,0.46,11.61,5.17,94.24,6.87,9.57
1874,11,4.57,0.33,0.46,11.51,5.14,95.86,6.92,9.65
1874,12,4.54,0.33,0.46,11.51,5.10,95.23,6.92,9.65
1875,1,4.54,0.33,0.45,11.51,5.07,95.23,6.87,9.47
1875,2,4.53,0.33,0.44,11.51,5.03,95.02,6.82,9.30
1875,3,4.59,0.32,0.44,11.51,4.99,96.28,6.76,9.12
1875,4,4.65,0.32,0.43,11.61,4.95,96.74,6.66,8.88
1875,5,4.47,0.32,0.42,11.32,4.91,95.34,6.77,8.92
1875,6,4.38,0.32,0.41,11.13,4.87,95.02,6.83,8.89
1875,7,4.39,0.31,0.40,11.13,4.83,95.23,6.78,8.71
1875,8,4.41,0.31,0.39,11.23,4.79,94.86,6.67,8.46
1875,9,4.37,0.31,0.39,11.13,4.75,94.80,6.67,8.35
1875,10,4.30,0.31,0.38,11.13,4.71,93.28,6.62,8.17
1875,11,4.37,0.30,0.37,11.04,4.67,95.62,6.62,8.06
1875,12,4.37,0.30,0.36,10.94,4.63,96.45,6.62,7.95
1876,1,4.46,0.30,0.35,10.85,4.59,99.30,6.68,7.87
1876,2,4.52,0.30,0.35,10.85,4.58,100.63,6.68,7.72
1876,3,4.51,0.30,0.34,10.85,4.57,100.41,6.68,7.57
1876,4,4.34,0.30,0.33,10.75,4.56,97.48,6.74,7.49
1876,5,4.18,0.30,0.33,10.37,4.54,97.33,6.99,7.61
1876,6,4.15,0.30,0.32,10.09,4.53,99.37,7.18,7.66
1876,7,4.10,0.30,0.31,10.09,4.52,98.17,7.18,7.50
1876,8,3.93,0.30,0.31,10.18,4.51,93.22,7.12,7.28
1876,9,3.69,0.30,0.30,10.28,4.50,86.72,7.05,7.05
1876,10,3.67,0.30,0.29,10.47,4.49,84.68,6.92,6.77
1876,11,3.60,0.30,0.29,10.56,4.47,82.32,6.86,6.56
1876,12,3.58,0.30,0.28,10.75,4.46,80.41,6.74,6.29
1877,1,3.55,0.29,0.28,10.94,4.45,78.35,6.42,6.22
1877,2,3.34,0.28,0.28,10.66,4.44,75.69,6.38,6.42
1877,3,3.17,0.27,0.29,10.18,4.43,75.19,6.46,6.76
1877,4,2.94,0.26,0.29,10.47,4.42,67.84,6.08,6.62
1877,5,2.94,0.25,0.29,10.66,4.41,66.63,5.76,6.53
1877,6,2.73,0.25,0.29,10.09,4.40,65.37,5.87,6.94
1877,7,2.85,0.24,0.29,10.18,4.40,67.60,5.59,6.92
1877,8,3.05,0.23,0.29,9.80,4.39,75.16,5.59,7.23
1877,9,3.24,0.22,0.30,9.70,4.38,80.62,5.41,7.34
1877,10,3.31,0.21,0.30,9.70,4.37,82.36,5.18,7.38
1877,11,3.26,0.20,0.30,9.51,4.36,82.74,5.06,7.57
1877,12,3.25,0.19,0.30,9.51,4.35,82.49,4.82,7.61
1878,1,3.25,0.19,0.30,9.23,4.34,85.04,4.95,7.87
1878,2,3.18,0.19,0.30,9.13,4.33,84.08,4.98,7.98
1878,3,3.24,0.19,0.30,8.94,4.32,87.48,5.06,8.17
1878,4,3.33,0.19,0.30,8.85,4.31,90.88,5.10,8.28
1878,5,3.34,0.19,0.30,8.56,4.30,94.19,5.24,8.58
1878,6,3.41,0.19,0.31,8.37,4.29,98.35,5.34,8.80
1878,7,3.48,0.18,0.31,8.47,4.28,99.24,5.25,8.72
1878,8,3.45,0.18,0.31,8.56,4.27,97.29,5.17,8.65
1878,9,3.52,0.18,0.31,8.56,4.26,99.27,5.15,8.67
1878,10,3.48,0.18,0.31,8.47,4.25,99.24,5.18,8.79
1878,11,3.47,0.18,0.31,8.37,4.24,100.08,5.21,8.92
1878,12,3.45,0.18,0.31,8.18,4.23,101.82,5.31,9.15
1879,1,3.58,0.18,0.32,8.28,4.22,104.44,5.30,9.21
1879,2,3.71,0.18,0.32,8.37,4.20,107.00,5.29,9.28
1879,3,3.65,0.19,0.33,8.28,4.19,106.48,5.40,9.55
1879,4,3.77,0.19,0.33,8.18,4.17,111.26,5.51,9.84
1879,5,3.94,0.19,0.34,8.18,4.15,116.28,5.56,10.01
1879,6,3.96,0.19,0.35,8.09,4.14,118.25,5.67,10.30
1879,7,4.04,0.19,0.35,8.18,4.12,119.23,5.66,10.35
1879,8,4.07,0.19,0.36,8.18,4.10,120.12,5.70,10.53
1879,9,4.22,0.20,0.36,8.47,4.09,120.35,5.56,10.34
1879,10,4.68,0.20,0.37,8.94,4.07,126.37,5.31,9.94
1879,11,4.93,0.20,0.37,9.42,4.05,126.39,5.08,9.59
1879,12,4.92,0.20,0.38,9.70,4.04,122.43,4.98,9.46
1880,1,5.11,0.21,0.39,9.99,4.02,123.52,4.96,9.41
1880,2,5.20,0.21,0.40,9.99,3.99,125.70,5.08,9.63
1880,3,5.30,0.22,0.41,10.09,3.97,126.91,5.15,9.76
1880,4,5.18,0.22,0.42,9.70,3.94,128.90,5.47,10.37
1880,5,4.77,0.23,0.43,9.42,3.91,122.29,5.77,10.92
1880,6,4.79,0.23,0.44,9.23,3.89,125.34,6.02,11.38
1880,7,5.01,0.24,0.44,9.23,3.86,131.09,6.15,11.62
1880,8,5.19,0.24,0.45,9.23,3.83,135.80,6.28,11.86
1880,9,5.18,0.25,0.46,9.32,3.81,134.16,6.35,11.98
1880,10,5.33,0.25,0.47,9.32,3.78,138.04,6.47,12.22
1880,11,5.61,0.26,0.48,9.42,3.75,143.83,6.54,12.33
1880,12,5.84,0.26,0.49,9.51,3.73,148.23,6.60,12.44
1881,1,6.19,0.27,0.49,9.42,3.70,158.70,6.79,12.45
1881,2,6.17,0.27,0.48,9.51,3.69,156.60,6.85,12.23
1881,3,6.24,0.28,0.48,9.51,3.69,158.38,6.98,12.12
1881,4,6.22,0.28,0.47,9.61,3.68,156.31,7.04,11.89
1881,5,6.50,0.29,0.47,9.51,3.67,164.98,7.23,11.91
1881,6,6.58,0.29,0.47,9.51,3.67,167.01,7.36,11.80
1881,7,6.35,0.30,0.46,9.61,3.66,159.58,7.41,11.58
1881,8,6.20,0.30,0.46,9.80,3.65,152.78,7.39,11.25
1881,9,6.25,0.31,0.45,10.18,3.65,148.25,7.23,10.73
1881,10,6.15,0.31,0.45,10.28,3.64,144.53,7.29,10.54
1881,11,6.19,0.32,0.44,10.18,3.63,146.83,7.47,10.54
1881,12,6.01,0.32,0.44,10.18,3.63,142.56,7.59,10.44
1882,1,5.92,0.32,0.44,10.18,3.62,140.43,7.59,10.42
1882,2,5.79,0.32,0.44,10.28,3.62,136.07,7.52,10.30
1882,3,5.78,0.32,0.44,10.28,3.62,135.84,7.52,10.28
1882,4,5.78,0.32,0.44,10.37,3.62,134.59,7.45,10.17
1882,5,5.71,0.32,0.44,10.47,3.62,131.75,7.38,10.06
1882,6,5.68,0.32,0.44,10.56,3.62,129.88,7.32,9.95
1882,7,6.00,0.32,0.43,10.47,3.63,138.44,7.38,10.02
1882,8,6.18,0.32,0.43,10.56,3.63,141.31,7.32,9.91
1882,9,6.24,0.32,0.43,10.28,3.63,146.65,7.52,10.16
1882,10,6.07,0.32,0.43,10.18,3.63,143.99,7.59,10.24
1882,11,5.81,0.32,0.43,10.09,3.63,139.12,7.66,10.32
1882,12,5.84,0.32,0.43,9.99,3.63,141.17,7.74,10.39
1883,1,5.81,0.32,0.43,9.99,3.63,140.44,7.75,10.33
1883,2,5.68,0.32,0.43,10.09,3.63,136.01,7.70,10.18
1883,3,5.75,0.32,0.42,9.99,3.63,138.99,7.80,10.21
1883,4,5.87,0.32,0.42,9.90,3.63,143.26,7.89,10.25
1883,5,5.77,0.32,0.42,9.80,3.63,142.18,7.99,10.29
1883,6,5.82,0.33,0.42,9.51,3.63,147.72,8.25,10.53
1883,7,5.73,0.33,0.41,9.32,3.63,148.40,8.44,10.68
1883,8,5.47,0.33,0.41,9.32,3.62,141.67,8.46,10.62
1883,9,5.53,0.33,0.41,9.23,3.62,144.70,8.57,10.66
1883,10,5.38,0.33,0.41,9.23,3.62,140.77,8.59,10.60
1883,11,5.46,0.33,0.40,9.13,3.62,144.36,8.70,10.64
1883,12,5.34,0.33,0.40,9.23,3.62,139.73,8.63,10.47
1884,1,5.18,0.33,0.39,9.23,3.62,135.54,8.59,10.27
1884,2,5.32,0.33,0.39,9.23,3.61,139.20,8.55,10.07
1884,3,5.30,0.33,0.38,9.23,3.60,138.68,8.50,9.88
1884,4,5.06,0.32,0.37,9.04,3.60,135.19,8.64,9.89
1884,5,4.65,0.32,0.36,8.85,3.59,126.91,8.78,9.89
1884,6,4.46,0.32,0.36,8.85,3.58,121.72,8.73,9.69
1884,7,4.46,0.32,0.35,8.75,3.57,123.04,8.78,9.59
1884,8,4.74,0.32,0.34,8.75,3.56,130.77,8.74,9.38
1884,9,4.59,0.32,0.33,8.66,3.55,128.02,8.79,9.27
1884,10,4.44,0.31,0.33,8.56,3.55,125.21,8.84,9.17
1884,11,4.35,0.31,0.32,8.37,3.54,125.46,8.99,9.16
1884,12,4.34,0.31,0.31,8.28,3.53,126.61,9.04,9.04
1885,1,4.24,0.30,0.31,8.28,3.52,123.70,8.87,8.95
1885,2,4.37,0.30,0.30,8.37,3.51,126.04,8.60,8.75
1885,3,4.38,0.29,0.30,8.18,3.50,129.27,8.63,8.85
1885,4,4.37,0.29,0.30,8.28,3.48,127.49,8.36,8.66
1885,5,4.32,0.28,0.29,8.09,3.47,129.00,8.38,8.76
1885,6,4.30,0.28,0.29,7.90,3.46,131.49,8.41,8.87
1885,7,4.46,0.27,0.29,7.99,3.45,134.76,8.13,8.66
1885,8,4.71,0.26,0.28,7.99,3.43,142.32,7.96,8.56
1885,9,4.65,0.26,0.28,7.90,3.42,142.20,7.87,8.56
1885,10,4.92,0.25,0.28,7.90,3.41,150.45,7.70,8.46
1885,11,5.24,0.25,0.27,7.99,3.40,158.33,7.43,8.26
1885,12,5.20,0.24,0.27,8.18,3.38,153.47,7.08,7.97
1886,1,5.20,0.24,0.28,7.99,3.37,157.12,7.20,8.31
1886,2,5.30,0.24,0.28,7.99,3.38,160.14,7.15,8.46
1886,3,5.19,0.24,0.29,7.90,3.40,158.71,7.19,8.72
1886,4,5.12,0.23,0.29,7.80,3.41,158.48,7.22,8.98
1886,5,5.02,0.23,0.30,7.61,3.42,159.27,7.35,9.36
1886,6,5.25,0.23,0.30,7.52,3.43,168.67,7.39,9.64
1886,7,5.33,0.23,0.31,7.61,3.45,169.10,7.24,9.68
1886,8,5.37,0.23,0.31,7.71,3.46,168.27,7.10,9.71
1886,9,5.51,0.23,0.32,7.71,3.47,172.66,7.05,9.87
1886,10,5.65,0.22,0.32,7.71,3.48,177.04,7.00,10.03
1886,11,5.79,0.22,0.33,7.71,3.50,181.43,6.95,10.18
1886,12,5.64,0.22,0.33,7.80,3.51,174.57,6.81,10.21
1887,1,5.58,0.22,0.33,7.99,3.52,168.60,6.72,10.05
1887,2,5.54,0.23,0.34,8.09,3.53,165.43,6.72,10.00
1887,3,5.67,0.23,0.34,8.09,3.55,169.31,6.79,10.08
1887,4,5.80,0.23,0.34,8.09,3.56,173.19,6.87,10.15
1887,5,5.90,0.23,0.34,8.09,3.57,176.18,6.94,10.23
1887,6,5.73,0.24,0.35,7.99,3.58,173.14,7.10,10.42
1887,7,5.59,0.24,0.35,7.90,3.60,170.94,7.26,10.63
1887,8,5.45,0.24,0.35,7.99,3.61,164.68,7.25,10.58
1887,9,5.38,0.24,0.35,7.90,3.62,164.52,7.42,10.78
1887,10,5.20,0.25,0.36,7.99,3.63,157.12,7.40,10.73
1887,11,5.30,0.25,0.36,8.09,3.65,158.26,7.39,10.68
1887,12,5.27,0.25,0.36,8.28,3.66,153.75,7.29,10.50
1888,1,5.31,0.25,0.35,8.37,3.67,153.15,7.16,10.14
1888,2,5.28,0.25,0.34,8.28,3.65,154.04,7.20,10.02
1888,3,5.08,0.25,0.34,8.28,3.63,148.20,7.15,9.77
1888,4,5.10,0.24,0.33,8.18,3.62,150.52,7.18,9.64
1888,5,5.17,0.24,0.32,8.09,3.60,154.38,7.22,9.50
1888,6,5.01,0.24,0.31,7.99,3.58,151.38,7.25,9.37
1888,7,5.14,0.24,0.30,8.09,3.56,153.48,7.12,9.01
1888,8,5.25,0.24,0.29,8.09,3.54,156.77,7.07,8.76
1888,9,5.38,0.24,0.29,8.09,3.52,160.65,7.02,8.51
1888,10,5.35,0.23,0.28,8.18,3.51,157.90,6.89,8.17
1888,11,5.24,0.23,0.27,8.28,3.49,152.87,6.76,7.83
1888,12,5.14,0.23,0.26,8.28,3.47,149.95,6.71,7.59
1889,1,5.24,0.23,0.26,7.99,3.45,158.33,6.93,7.96
1889,2,5.30,0.23,0.27,7.90,3.45,162.07,6.98,8.16
1889,3,5.19,0.23,0.27,7.80,3.45,160.64,7.04,8.36
1889,4,5.18,0.23,0.27,7.80,3.44,160.34,7.02,8.46
1889,5,5.32,0.23,0.28,7.61,3.44,168.79,7.16,8.78
1889,6,5.41,0.23,0.28,7.61,3.44,171.64,7.14,8.88
1889,7,5.30,0.22,0.28,7.61,3.44,168.15,7.11,8.99
1889,8,5.37,0.22,0.29,7.61,3.43,170.37,7.08,9.10
1889,9,5.50,0.22,0.29,7.71,3.43,172.34,6.97,9.09
1889,10,5.40,0.22,0.29,7.71,3.43,169.21,6.95,9.19
1889,11,5.35,0.22,0.30,7.71,3.43,167.64,6.92,9.30
1889,12,5.32,0.22,0.30,7.80,3.42,164.67,6.81,9.29
1890,1,5.38,0.22,0.30,7.61,3.42,170.69,6.98,9.49
1890,2,5.32,0.22,0.30,7.61,3.44,168.79,6.98,9.46
1890,3,5.28,0.22,0.30,7.61,3.45,167.52,6.98,9.44
1890,4,5.39,0.22,0.30,7.61,3.47,171.01,6.98,9.41
1890,5,5.62,0.22,0.30,7.71,3.49,176.10,6.89,9.27
1890,6,5.58,0.22,0.30,7.71,3.50,174.85,6.89,9.24
1890,7,5.54,0.22,0.29,7.71,3.52,173.60,6.89,9.22
1890,8,5.41,0.22,0.29,7.99,3.54,163.47,6.65,8.86
1890,9,5.32,0.22,0.29,8.09,3.55,158.86,6.57,8.73
1890,10,5.08,0.22,0.29,8.09,3.57,151.69,6.57,8.71
1890,11,4.71,0.22,0.29,7.90,3.59,144.03,6.73,8.89
1890,12,4.60,0.22,0.29,7.90,3.60,140.67,6.73,8.87
1891,1,4.84,0.22,0.29,7.80,3.62,149.81,6.81,9.11
1891,2,4.90,0.22,0.30,7.90,3.62,149.84,6.73,9.12
1891,3,4.81,0.22,0.30,7.99,3.62,145.34,6.65,9.14
1891,4,4.97,0.22,0.31,8.09,3.62,148.41,6.57,9.16
1891,5,4.95,0.22,0.31,7.99,3.61,149.57,6.65,9.39
1891,6,4.85,0.22,0.32,7.80,3.61,150.12,6.81,9.75
1891,7,4.77,0.22,0.32,7.71,3.61,149.47,6.89,10.00
1891,8,4.93,0.22,0.32,7.71,3.61,154.48,6.89,10.13
1891,9,5.33,0.22,0.33,7.61,3.61,169.10,6.98,10.39
1891,10,5.33,0.22,0.33,7.61,3.61,169.10,6.98,10.52
1891,11,5.25,0.22,0.34,7.52,3.60,168.67,7.07,10.79
1891,12,5.41,0.22,0.34,7.52,3.60,173.81,7.07,10.92
1892,1,5.51,0.22,0.34,7.33,3.60,181.62,7.31,11.29
1892,2,5.52,0.22,0.35,7.33,3.61,181.95,7.36,11.37
1892,3,5.58,0.23,0.35,7.14,3.63,188.84,7.61,11.76
1892,4,5.57,0.23,0.35,7.04,3.64,191.05,7.78,12.00
1892,5,5.57,0.23,0.35,7.04,3.65,191.05,7.83,12.09
1892,6,5.54,0.23,0.36,7.04,3.66,190.02,7.89,12.18
1892,7,5.54,0.23,0.36,7.23,3.68,185.02,7.74,11.94
1892,8,5.62,0.23,0.36,7.33,3.69,185.25,7.69,11.87
1892,9,5.48,0.24,0.36,7.33,3.70,180.64,7.75,11.95
1892,10,5.59,0.24,0.37,7.33,3.71,184.26,7.80,12.03
1892,11,5.57,0.24,0.37,7.52,3.73,178.95,7.66,11.81
1892,12,5.51,0.24,0.37,7.61,3.74,174.81,7.61,11.74
1893,1,5.61,0.24,0.36,7.90,3.75,171.55,7.36,11.03
1893,2,5.51,0.24,0.35,7.99,3.75,166.49,7.30,10.63
1893,3,5.31,0.24,0.34,7.80,3.74,164.36,7.51,10.60
1893,4,5.31,0.24,0.33,7.71,3.74,166.39,7.62,10.44
1893,5,4.84,0.24,0.32,7.61,3.73,153.56,7.75,10.29
1893,6,4.61,0.25,0.32,7.42,3.73,150.01,7.97,10.25
1893,7,4.18,0.25,0.31,7.23,3.73,139.60,8.21,10.21
1893,8,4.08,0.25,0.30,6.95,3.72,141.86,8.58,10.32
1893,9,4.37,0.25,0.29,7.23,3.72,145.94,8.27,9.60
1893,10,4.50,0.25,0.28,7.33,3.71,148.33,8.18,9.17
1893,11,4.57,0.25,0.27,7.14,3.71,154.66,8.43,9.11
1893,12,4.41,0.25,0.26,7.04,3.70,151.26,8.57,8.92
1894,1,4.32,0.25,0.25,6.85,3.70,152.29,8.70,8.87
1894,2,4.38,0.24,0.24,6.76,3.68,156.58,8.70,8.70
1894,3,4.51,0.24,0.24,6.57,3.66,165.90,8.83,8.64
1894,4,4.57,0.24,0.23,6.57,3.64,168.10,8.71,8.34
1894,5,4.40,0.23,0.22,6.57,3.62,161.85,8.58,8.03
1894,6,4.34,0.23,0.21,6.57,3.60,159.64,8.46,7.72
1894,7,4.25,0.23,0.20,6.57,3.58,156.33,8.34,7.42
1894,8,4.41,0.22,0.19,6.76,3.56,157.65,7.98,6.91
1894,9,4.48,0.22,0.19,6.85,3.54,157.93,7.76,6.52
1894,10,4.34,0.22,0.18,6.66,3.52,157.36,7.86,6.41
1894,11,4.34,0.21,0.17,6.66,3.50,157.36,7.73,6.10
1894,12,4.30,0.21,0.16,6.57,3.48,158.17,7.72,5.89
1895,1,4.25,0.21,0.17,6.57,3.46,156.33,7.66,6.16
1895,2,4.19,0.21,0.18,6.57,3.47,154.13,7.60,6.44
1895,3,4.19,0.21,0.18,6.57,3.48,154.13,7.54,6.71
1895,4,4.37,0.20,0.19,6.85,3.50,154.05,7.17,6.70
1895,5,4.61,0.20,0.20,6.95,3.51,160.28,7.01,6.87
1895,6,4.70,0.20,0.21,7.04,3.52,161.21,6.86,7.03
1895,7,4.72,0.20,0.21,6.95,3.53,164.11,6.89,7.39
1895,8,4.79,0.20,0.22,6.85,3.54,168.86,6.93,7.76
1895,9,4.82,0.20,0.23,6.85,3.55,169.91,6.87,8.02
1895,10,4.75,0.19,0.24,6.85,3.57,167.45,6.81,8.28
1895,11,4.59,0.19,0.24,6.85,3.58,161.81,6.76,8.55
1895,12,4.32,0.19,0.25,6.76,3.59,154.43,6.79,8.94
1896,1,4.27,0.19,0.25,6.66,3.60,154.83,6.86,8.95
1896,2,4.45,0.19,0.24,6.57,3.58,163.69,6.93,8.95
1896,3,4.38,0.19,0.24,6.57,3.57,161.12,6.90,8.83
1896,4,4.42,0.19,0.24,6.47,3.55,164.98,6.97,8.83
1896,5,4.40,0.19,0.23,6.37,3.53,166.68,7.04,8.84
1896,6,4.32,0.19,0.23,6.28,3.52,166.13,7.11,8.84
1896,7,4.04,0.18,0.23,6.28,3.50,155.36,7.08,8.72
1896,8,3.81,0.18,0.22,6.28,3.48,146.52,7.05,8.59
1896,9,4.01,0.18,0.22,6.28,3.47,154.21,7.02,8.46
1896,10,4.10,0.18,0.22,6.47,3.45,153.03,6.78,8.09
1896,11,4.38,0.18,0.21,6.66,3.43,158.81,6.56,7.73
1896,12,4.22,0.18,0.21,6.66,3.42,153.01,6.53,7.61
1897,1,4.22,0.18,0.22,6.47,3.40,157.51,6.72,8.15
1897,2,4.18,0.18,0.23,6.47,3.40,156.02,6.72,8.46
1897,3,4.19,0.18,0.24,6.47,3.39,156.39,6.72,8.77
1897,4,4.06,0.18,0.24,6.37,3.39,153.80,6.82,9.22
1897,5,4.08,0.18,0.25,6.28,3.38,156.90,6.92,9.68
1897,6,4.27,0.18,0.26,6.28,3.38,164.21,6.92,10.00
1897,7,4.46,0.18,0.27,6.28,3.38,171.52,6.92,10.32
1897,8,4.75,0.18,0.28,6.57,3.37,174.73,6.62,10.18
1897,9,4.98,0.18,0.29,6.76,3.37,178.03,6.43,10.19
1897,10,4.82,0.18,0.29,6.66,3.36,174.77,6.53,10.63
1897,11,4.65,0.18,0.30,6.66,3.36,168.60,6.53,10.94
1897,12,4.75,0.18,0.31,6.66,3.35,172.23,6.53,11.24
1898,1,4.88,0.18,0.31,6.66,3.35,176.94,6.59,11.36
1898,2,4.87,0.18,0.32,6.76,3.33,174.09,6.55,11.32
1898,3,4.65,0.19,0.32,6.76,3.31,166.23,6.61,11.44
1898,4,4.57,0.19,0.32,6.76,3.29,163.37,6.67,11.56
1898,5,4.87,0.19,0.33,7.23,3.27,162.64,6.29,10.91
1898,6,5.06,0.19,0.33,6.76,3.25,180.89,6.79,11.80
1898,7,5.08,0.19,0.33,6.66,3.23,184.20,6.95,12.09
1898,8,5.27,0.19,0.34,6.66,3.20,191.08,7.01,12.21
1898,9,5.26,0.20,0.34,6.66,3.18,190.72,7.07,12.33
1898,10,5.15,0.20,0.34,6.66,3.16,186.73,7.13,12.45
1898,11,5.32,0.20,0.35,6.66,3.14,192.90,7.19,12.57
1898,12,5.65,0.20,0.35,6.76,3.12,201.98,7.15,12.51
1899,1,6.08,0.20,0.36,6.76,3.10,217.35,7.18,12.90
1899,2,6.31,0.20,0.37,6.95,3.10,219.39,7.01,12.92
1899,3,6.40,0.20,0.38,6.95,3.11,222.52,7.04,13.30
1899,4,6.48,0.20,0.39,7.04,3.11,222.26,6.97,13.49
1899,5,6.21,0.20,0.40,7.04,3.12,213.00,7.00,13.86
1899,6,6.07,0.21,0.42,7.14,3.12,205.42,6.94,14.04
1899,7,6.28,0.21,0.43,7.23,3.13,209.73,6.87,14.22
1899,8,6.44,0.21,0.44,7.33,3.13,212.28,6.81,14.39
1899,9,6.37,0.21,0.45,7.61,3.13,202.10,6.58,14.20
1899,10,6.34,0.21,0.46,7.71,3.14,198.66,6.53,14.36
1899,11,6.46,0.21,0.47,7.80,3.14,199.95,6.48,14.52
1899,12,6.02,0.21,0.48,7.90,3.15,184.09,6.42,14.68
1900,1,6.10,0.22,0.48,7.90,3.15,186.54,6.65,14.68
1900,2,6.21,0.23,0.48,7.99,3.15,187.64,6.80,14.50
1900,3,6.26,0.23,0.48,7.99,3.14,189.15,7.03,14.50
1900,4,6.34,0.24,0.48,7.99,3.14,191.57,7.25,14.50
1900,5,6.04,0.25,0.48,7.80,3.13,186.95,7.66,14.86
1900,6,5.86,0.26,0.48,7.71,3.13,183.62,7.99,15.04
1900,7,5.86,0.26,0.48,7.80,3.13,181.38,8.13,14.86
1900,8,5.94,0.27,0.48,7.71,3.12,186.13,8.46,15.04
1900,9,5.80,0.28,0.48,7.80,3.12,179.53,8.59,14.86
1900,10,6.01,0.29,0.48,7.71,3.11,188.32,8.93,15.04
1900,11,6.48,0.29,0.48,7.71,3.11,203.05,9.17,15.04
1900,12,6.87,0.30,0.48,7.61,3.10,217.96,9.52,15.23
1901,1,7.07,0.30,0.48,7.71,3.10,221.54,9.45,15.09
1901,2,7.25,0.30,0.48,7.61,3.11,230.02,9.62,15.33
1901,3,7.51,0.31,0.49,7.61,3.11,238.27,9.68,15.39
1901,4,8.14,0.31,0.49,7.52,3.12,261.52,9.85,15.64
1901,5,7.73,0.31,0.49,7.52,3.13,248.35,9.91,15.69
1901,6,8.50,0.31,0.49,7.52,3.13,273.09,9.96,15.74
1901,7,7.93,0.31,0.49,7.61,3.14,251.59,9.89,15.60
1901,8,8.04,0.31,0.49,7.71,3.15,251.93,9.82,15.46
1901,9,8.00,0.32,0.50,7.80,3.15,247.62,9.75,15.32
1901,10,7.91,0.32,0.50,7.80,3.16,244.84,9.80,15.37
1901,11,8.08,0.32,0.50,7.90,3.17,247.08,9.73,15.24
1901,12,7.95,0.32,0.50,7.99,3.17,240.22,9.67,15.11
1902,1,8.12,0.32,0.51,7.90,3.18,248.31,9.81,15.62
1902,2,8.19,0.32,0.52,7.90,3.19,250.45,9.84,15.95
1902,3,8.20,0.32,0.53,7.90,3.20,250.75,9.86,16.28
1902,4,8.48,0.32,0.54,7.99,3.21,256.23,9.77,16.42
1902,5,8.46,0.32,0.55,8.09,3.22,252.62,9.68,16.55
1902,6,8.41,0.33,0.57,8.18,3.23,248.21,9.59,16.67
1902,7,8.60,0.33,0.58,8.18,3.24,253.81,9.62,16.99
1902,8,8.83,0.33,0.59,8.09,3.25,263.67,9.76,17.52
1902,9,8.85,0.33,0.60,8.18,3.26,261.19,9.67,17.63
1902,10,8.57,0.33,0.61,8.75,3.27,236.43,9.06,16.78
1902,11,8.24,0.33,0.62,8.47,3.28,234.99,9.39,17.66
1902,12,8.05,0.33,0.63,8.56,3.29,227.02,9.31,17.77
1903,1,8.46,0.33,0.62,8.66,3.30,235.96,9.25,17.34
1903,2,8.41,0.33,0.61,8.66,3.31,234.57,9.30,17.11
1903,3,8.08,0.34,0.61,8.37,3.32,233.04,9.66,17.45
1903,4,7.75,0.34,0.60,8.37,3.33,223.53,9.71,17.21
1903,5,7.60,0.34,0.59,8.18,3.33,224.30,9.98,17.36
1903,6,7.18,0.34,0.58,8.18,3.34,211.90,10.03,17.12
1903,7,6.85,0.34,0.57,8.18,3.35,202.16,10.08,16.87
1903,8,6.63,0.34,0.56,8.18,3.36,195.67,10.13,16.62
1903,9,6.47,0.35,0.56,8.28,3.37,188.75,10.06,16.19
1903,10,6.26,0.35,0.55,8.18,3.38,184.75,10.23,16.13
1903,11,6.28,0.35,0.54,8.09,3.38,187.52,10.40,16.07
1903,12,6.57,0.35,0.53,8.09,3.39,196.18,10.45,15.83
1904,1,6.68,0.35,0.53,8.28,3.40,194.88,10.11,15.37
1904,2,6.50,0.34,0.52,8.47,3.41,185.37,9.79,14.92
1904,3,6.48,0.34,0.52,8.37,3.41,186.90,9.81,15.00
1904,4,6.64,0.34,0.52,8.28,3.42,193.71,9.82,15.07
1904,5,6.50,0.33,0.51,8.09,3.43,194.09,9.95,15.33
1904,6,6.51,0.33,0.51,8.09,3.43,194.39,9.85,15.23
1904,7,6.78,0.33,0.51,8.09,3.44,202.45,9.76,15.13
1904,8,7.01,0.32,0.50,8.18,3.45,206.89,9.54,14.85
1904,9,7.32,0.32,0.50,8.28,3.45,213.55,9.34,14.59
1904,10,7.75,0.32,0.50,8.28,3.46,226.10,9.24,14.49
1904,11,8.17,0.31,0.49,8.47,3.47,232.99,8.93,14.07
1904,12,8.25,0.31,0.49,8.47,3.47,235.28,8.84,13.97
1905,1,8.43,0.31,0.51,8.47,3.48,240.41,8.89,14.40
1905,2,8.80,0.31,0.52,8.47,3.48,250.96,8.93,14.83
1905,3,9.05,0.32,0.54,8.37,3.47,261.02,9.09,15.43
1905,4,8.94,0.32,0.55,8.37,3.47,257.85,9.13,15.86
1905,5,8.50,0.32,0.57,8.28,3.46,247.98,9.29,16.48
1905,6,8.60,0.32,0.58,8.28,3.46,250.89,9.34,16.92
1905,7,8.87,0.32,0.60,8.28,3.46,258.77,9.39,17.36
1905,8,9.20,0.32,0.61,8.37,3.45,265.35,9.32,17.59
1905,9,9.23,0.33,0.63,8.28,3.45,269.27,9.48,18.23
1905,10,9.36,0.33,0.64,8.28,3.44,273.07,9.53,18.67
1905,11,9.31,0.33,0.66,8.37,3.44,268.52,9.47,18.89
1905,12,9.54,0.33,0.67,8.47,3.43,272.06,9.41,19.11
1906,1,9.87,0.34,0.68,8.47,3.43,281.48,9.58,19.32
1906,2,9.80,0.34,0.69,8.47,3.45,279.48,9.74,19.54
1906,3,9.56,0.35,0.69,8.47,3.47,272.64,9.91,19.75
1906,4,9.43,0.35,0.70,8.47,3.49,268.93,10.08,19.96
1906,5,9.18,0.36,0.71,8.56,3.51,258.89,10.13,19.95
1906,6,9.30,0.37,0.72,8.56,3.53,262.27,10.29,20.16
1906,7,9.06,0.37,0.72,8.28,3.55,264.31,10.82,21.08
1906,8,9.73,0.38,0.73,8.47,3.57,277.48,10.74,20.82
1906,9,10.03,0.38,0.74,8.56,3.59,282.86,10.79,20.80
1906,10,9.73,0.39,0.75,8.75,3.61,268.43,10.71,20.55
1906,11,9.93,0.39,0.75,8.85,3.63,271.01,10.76,20.54
1906,12,9.84,0.40,0.76,8.94,3.65,265.69,10.80,20.52
1907,1,9.56,0.40,0.75,8.85,3.67,260.91,11.01,20.52
1907,2,9.26,0.41,0.74,9.04,3.69,247.40,10.87,19.86
1907,3,8.35,0.41,0.74,8.94,3.70,225.46,11.07,19.85
1907,4,8.39,0.41,0.73,8.94,3.72,226.54,11.16,19.62
1907,5,8.10,0.42,0.72,9.13,3.74,214.15,11.02,18.99
1907,6,7.84,0.42,0.71,9.23,3.75,205.14,10.99,18.58
1907,7,8.14,0.42,0.70,9.23,3.77,212.99,11.08,18.36
1907,8,7.53,0.43,0.69,9.23,3.79,197.03,11.17,18.14
1907,9,7.45,0.43,0.69,9.23,3.80,194.94,11.25,17.92
1907,10,6.64,0.43,0.68,9.32,3.82,171.97,11.22,17.53
1907,11,6.25,0.44,0.67,8.94,3.84,168.76,11.79,18.04
1907,12,6.57,0.44,0.66,8.75,3.85,181.25,12.14,18.21
1908,1,6.85,0.44,0.65,8.66,3.87,191.06,12.18,18.22
1908,2,6.60,0.43,0.65,8.56,3.86,186.13,12.22,18.24
1908,3,6.87,0.43,0.64,8.56,3.85,193.74,12.13,18.05
1908,4,7.24,0.43,0.63,8.66,3.84,201.93,11.90,17.66
1908,5,7.63,0.42,0.63,8.66,3.83,212.81,11.81,17.48
1908,6,7.64,0.42,0.62,8.66,3.82,213.09,11.71,17.29
1908,7,7.92,0.42,0.61,8.75,3.82,218.50,11.50,16.92
1908,8,8.26,0.41,0.61,8.75,3.81,227.88,11.40,16.74
1908,9,8.17,0.41,0.60,8.75,3.80,225.40,11.31,16.55
1908,10,8.27,0.41,0.59,8.85,3.79,225.70,11.10,16.19
1908,11,8.83,0.40,0.59,8.94,3.78,238.42,10.89,15.84
1908,12,9.03,0.40,0.58,9.04,3.77,241.26,10.69,15.50
1909,1,9.06,0.40,0.60,8.94,3.76,244.63,10.89,16.07
1909,2,8.80,0.41,0.61,9.04,3.77,235.11,10.87,16.30
1909,3,8.92,0.41,0.63,9.04,3.79,238.32,10.95,16.70
1909,4,9.32,0.41,0.64,9.23,3.80,243.87,10.81,16.75
1909,5,9.63,0.42,0.66,9.32,3.81,249.41,10.79,16.96
1909,6,9.80,0.42,0.67,9.42,3.82,251.25,10.77,17.18
1909,7,9.94,0.42,0.69,9.42,3.84,254.84,10.85,17.56
1909,8,10.18,0.43,0.70,9.51,3.85,258.38,10.83,17.77
1909,9,10.19,0.43,0.72,9.61,3.86,256.07,10.81,17.97
1909,10,10.23,0.43,0.73,9.80,3.87,252.09,10.68,17.99
1909,11,10.18,0.44,0.75,9.90,3.89,248.44,10.66,18.18
1909,12,10.30,0.44,0.76,9.99,3.90,248.98,10.64,18.37
1910,1,10.08,0.44,0.76,9.90,3.91,246.00,10.80,18.49
1910,2,9.72,0.45,0.76,9.90,3.92,237.22,10.86,18.43
1910,3,9.96,0.45,0.75,10.09,3.92,238.49,10.72,18.02
1910,4,9.72,0.45,0.75,10.18,3.93,230.57,10.67,17.79
1910,5,9.56,0.45,0.75,9.99,3.93,231.09,10.94,18.07
1910,6,9.10,0.46,0.75,9.90,3.94,222.09,11.10,18.18
1910,7,8.64,0.46,0.74,9.90,3.95,210.86,11.17,18.12
1910,8,8.85,0.46,0.74,9.80,3.95,218.08,11.34,18.24
1910,9,8.91,0.46,0.74,9.70,3.96,221.71,11.51,18.35
1910,10,9.32,0.47,0.74,9.42,3.96,238.94,11.92,18.84
1910,11,9.31,0.47,0.73,9.23,3.97,243.61,12.23,19.17
1910,12,9.05,0.47,0.73,9.23,3.97,236.81,12.30,19.10
1911,1,9.27,0.47,0.72,9.23,3.98,242.56,12.30,18.80
1911,2,9.43,0.47,0.71,8.94,3.98,254.62,12.69,19.08
1911,3,9.32,0.47,0.70,9.04,3.99,249.00,12.56,18.57
1911,4,9.28,0.47,0.68,8.75,3.99,256.02,12.97,18.85
1911,5,9.48,0.47,0.67,8.75,3.99,261.54,12.97,18.53
1911,6,9.67,0.47,0.66,8.75,3.99,266.78,12.97,18.21
1911,7,9.63,0.47,0.65,8.85,4.00,262.82,12.83,17.69
1911,8,9.17,0.47,0.64,9.13,4.00,242.44,12.43,16.83
1911,9,8.67,0.47,0.63,9.23,4.00,226.86,12.30,16.35
1911,10,8.72,0.47,0.61,9.23,4.00,228.17,12.30,16.05
1911,11,9.07,0.47,0.60,9.13,4.01,239.80,12.43,15.91
1911,12,9.11,0.47,0.59,9.04,4.01,243.39,12.56,15.76
1912,1,9.12,0.47,0.60,9.13,4.01,241.12,12.45,15.84
1912,2,9.04,0.47,0.61,9.23,4.05,236.54,12.34,15.92
1912,3,9.30,0.47,0.62,9.42,4.08,238.43,12.11,15.83
1912,4,9.59,0.47,0.63,9.70,4.12,238.63,11.78,15.59
1912,5,9.58,0.47,0.64,9.70,4.16,238.38,11.80,15.82
1912,6,9.58,0.48,0.65,9.61,4.19,240.75,11.94,16.21
1912,7,9.59,0.48,0.65,9.61,4.23,241.00,11.96,16.44
1912,8,9.81,0.48,0.66,9.70,4.27,244.11,11.86,16.51
1912,9,9.86,0.48,0.67,9.80,4.30,242.97,11.77,16.57
1912,10,9.84,0.48,0.68,9.80,4.34,242.48,11.79,16.80
1912,11,9.73,0.48,0.69,9.80,4.38,239.77,11.81,17.02
1912,12,9.38,0.48,0.70,9.70,4.41,233.41,11.94,17.42
1913,1,9.30,0.48,0.69,9.80,4.45,229.17,11.83,17.11
1913,2,8.97,0.48,0.69,9.80,4.43,221.04,11.83,16.96
1913,3,8.80,0.48,0.68,9.80,4.40,216.85,11.83,16.82
1913,4,8.79,0.48,0.68,9.80,4.38,216.60,11.83,16.68
1913,5,8.55,0.48,0.67,9.70,4.35,212.86,11.95,16.70
1913,6,8.12,0.48,0.67,9.80,4.33,200.09,11.83,16.39
1913,7,8.23,0.48,0.66,9.90,4.31,200.75,11.71,16.08
1913,8,8.45,0.48,0.65,9.90,4.28,206.12,11.71,15.94
1913,9,8.53,0.48,0.65,10.00,4.26,205.99,11.59,15.64
1913,10,8.26,0.48,0.64,10.00,4.23,199.47,11.59,15.50
1913,11,8.05,0.48,0.64,10.10,4.21,192.48,11.48,15.20
1913,12,8.04,0.48,0.63,10.00,4.18,194.16,11.59,15.21
1914,1,8.37,0.48,0.62,10.00,4.16,202.13,11.47,14.99
1914,2,8.48,0.47,0.61,9.90,4.17,206.85,11.46,14.92
1914,3,8.32,0.47,0.60,9.90,4.17,202.95,11.34,14.70
1914,4,8.12,0.46,0.59,9.80,4.18,200.09,11.34,14.62
1914,5,8.17,0.46,0.58,9.90,4.19,199.29,11.10,14.25
1914,6,8.13,0.45,0.58,9.90,4.19,198.32,10.98,14.03
1914,7,7.68,0.45,0.57,10.00,4.20,185.47,10.75,13.66
1914,8,7.68,0.44,0.56,10.20,4.21,181.83,10.42,13.18
1914,9,7.68,0.44,0.55,10.20,4.21,181.83,10.30,12.96
1914,10,7.68,0.43,0.54,10.10,4.22,183.63,10.28,12.87
1914,11,7.68,0.43,0.53,10.20,4.23,181.83,10.06,12.53
1914,12,7.35,0.42,0.52,10.10,4.23,175.74,10.04,12.43
1915,1,7.48,0.42,0.55,10.10,4.24,178.85,10.06,13.15
1915,2,7.38,0.42,0.58,10.00,4.22,178.22,10.18,14.01
1915,3,7.57,0.42,0.61,9.90,4.21,184.66,10.31,14.88
1915,4,8.14,0.42,0.64,10.00,4.19,196.57,10.22,15.46
1915,5,7.95,0.42,0.67,10.10,4.18,190.08,10.14,16.02
1915,6,8.04,0.43,0.70,10.10,4.16,192.24,10.16,16.74
1915,7,8.01,0.43,0.73,10.10,4.15,191.52,10.18,17.45
1915,8,8.35,0.43,0.76,10.10,4.13,199.65,10.20,18.17
1915,9,8.66,0.43,0.79,10.10,4.11,207.06,10.22,18.89
1915,10,9.14,0.43,0.82,10.20,4.10,216.40,10.14,19.41
1915,11,9.46,0.43,0.85,10.30,4.08,221.80,10.06,19.93
1915,12,9.48,0.43,0.88,10.30,4.07,222.27,10.08,20.63
1916,1,9.33,0.44,0.93,10.40,4.05,216.65,10.24,21.69
1916,2,9.20,0.45,0.99,10.40,4.07,213.63,10.49,22.95
1916,3,9.17,0.46,1.04,10.50,4.08,210.90,10.64,23.97
1916,4,9.07,0.47,1.10,10.60,4.10,206.63,10.78,24.99
1916,5,9.27,0.48,1.15,10.70,4.11,209.22,10.93,25.98
1916,6,9.36,0.50,1.21,10.80,4.13,209.29,11.07,26.94
1916,7,9.23,0.51,1.26,10.80,4.14,206.39,11.31,28.15
1916,8,9.30,0.52,1.31,10.90,4.16,206.04,11.45,29.09
1916,9,9.68,0.53,1.37,11.10,4.17,210.60,11.48,29.76
1916,10,9.98,0.54,1.42,11.30,4.19,213.28,11.50,30.39
1916,11,10.21,0.55,1.48,11.50,4.20,214.40,11.53,30.99
1916,12,9.80,0.56,1.53,11.60,4.22,204.02,11.66,31.85
1917,1,9.57,0.57,1.51,11.70,4.23,197.53,11.78,31.15
1917,2,9.03,0.58,1.49,12.00,4.26,181.72,11.71,29.94
1917,3,9.31,0.59,1.47,12.00,4.29,187.36,11.92,29.54
1917,4,9.17,0.60,1.45,12.60,4.32,175.75,11.56,27.73
1917,5,8.86,0.61,1.43,12.80,4.34,167.16,11.59,26.90
1917,6,9.04,0.63,1.41,13.00,4.37,167.93,11.61,26.10
1917,7,8.79,0.64,1.38,12.80,4.40,165.84,12.00,26.11
1917,8,8.53,0.65,1.36,13.00,4.43,158.46,12.01,25.32
1917,9,8.12,0.66,1.34,13.30,4.46,147.44,11.94,24.39
1917,10,7.68,0.67,1.32,13.50,4.49,137.38,11.95,23.65
1917,11,7.04,0.68,1.30,13.50,4.51,125.93,12.15,23.27
1917,12,6.80,0.69,1.28,13.70,4.54,119.86,12.16,22.56
1918,1,7.21,0.68,1.26,14.00,4.57,124.37,11.73,21.67
1918,2,7.43,0.67,1.23,14.10,4.56,127.25,11.48,21.10
1918,3,7.28,0.66,1.21,14.00,4.56,125.58,11.38,20.84
1918,4,7.21,0.65,1.18,14.20,4.55,122.62,11.05,20.12
1918,5,7.44,0.64,1.16,14.50,4.55,123.91,10.66,19.30
1918,6,7.45,0.63,1.14,14.70,4.54,122.39,10.35,18.65
1918,7,7.51,0.62,1.11,15.10,4.54,120.11,9.92,17.77
1918,8,7.58,0.61,1.09,15.40,4.53,118.86,9.57,17.05
1918,9,7.54,0.60,1.06,15.70,4.52,115.98,9.23,16.35
1918,10,7.86,0.59,1.04,16.00,4.52,118.63,8.90,15.67
1918,11,8.06,0.58,1.01,16.30,4.51,119.41,8.59,15.02
1918,12,7.90,0.57,0.99,16.50,4.51,115.62,8.34,14.49
1919,1,7.85,0.57,0.99,16.50,4.50,114.89,8.29,14.42
1919,2,7.88,0.56,0.98,16.20,4.54,117.47,8.40,14.61
1919,3,8.12,0.56,0.98,16.40,4.58,119.57,8.25,14.36
1919,4,8.39,0.56,0.97,16.70,4.62,121.32,8.05,14.03
1919,5,8.97,0.55,0.97,16.90,4.66,128.18,7.91,13.79
1919,6,9.21,0.55,0.96,16.90,4.70,131.61,7.86,13.72
1919,7,9.51,0.55,0.96,17.40,4.74,131.99,7.59,13.25
1919,8,8.87,0.54,0.95,17.70,4.77,121.02,7.41,12.96
1919,9,9.01,0.54,0.95,17.80,4.81,122.24,7.33,12.82
1919,10,9.47,0.54,0.94,18.10,4.85,126.35,7.16,12.54
1919,11,9.19,0.53,0.94,18.50,4.89,119.96,6.96,12.21
1919,12,8.92,0.53,0.93,18.90,4.93,113.97,6.77,11.88
1920,1,8.83,0.53,0.92,19.30,4.97,110.49,6.61,11.50
1920,2,8.10,0.53,0.91,19.50,4.98,100.31,6.52,11.25
1920,3,8.67,0.53,0.90,19.70,4.99,106.28,6.44,11.00
1920,4,8.60,0.52,0.89,20.30,5.00,102.31,6.23,10.55
1920,5,8.06,0.52,0.88,20.60,5.01,94.49,6.12,10.27
1920,6,7.92,0.52,0.87,20.90,5.02,91.51,6.01,9.99
1920,7,7.91,0.52,0.85,20.80,5.03,91.84,6.02,9.92
1920,8,7.60,0.52,0.84,20.30,5.04,90.41,6.15,10.03
1920,9,7.87,0.52,0.83,20.00,5.05,95.03,6.22,10.05
1920,10,7.88,0.51,0.82,19.90,5.06,95.63,6.23,9.97
1920,11,7.48,0.51,0.81,19.80,5.07,91.23,6.24,9.89
1920,12,6.81,0.51,0.80,19.40,5.08,84.77,6.35,9.96
1921,1,7.11,0.51,0.76,19.00,5.09,90.37,6.43,9.63
1921,2,7.06,0.50,0.72,18.40,5.02,92.66,6.58,9.38
1921,3,6.88,0.50,0.67,18.30,4.96,90.79,6.57,8.87
1921,4,6.91,0.49,0.63,18.10,4.89,92.19,6.58,8.41
1921,5,7.12,0.49,0.59,17.70,4.83,97.14,6.67,8.02
1921,6,6.55,0.49,0.55,17.60,4.76,89.87,6.65,7.48
1921,7,6.53,0.48,0.50,17.70,4.70,89.09,6.56,6.86
1921,8,6.45,0.48,0.46,17.70,4.63,88.00,6.50,6.28
1921,9,6.61,0.47,0.42,17.50,4.56,91.21,6.52,5.76
1921,10,6.70,0.47,0.38,17.50,4.50,92.46,6.46,5.17
1921,11,7.06,0.46,0.33,17.40,4.43,97.98,6.44,4.61
1921,12,7.31,0.46,0.29,17.30,4.37,102.04,6.42,4.05
1922,1,7.30,0.46,0.32,16.90,4.30,104.31,6.63,4.62
1922,2,7.46,0.47,0.36,16.90,4.31,106.60,6.69,5.10
1922,3,7.74,0.47,0.39,16.70,4.31,111.92,6.83,5.64
1922,4,8.21,0.48,0.42,16.70,4.32,118.72,6.89,6.12
1922,5,8.53,0.48,0.46,16.70,4.32,123.35,6.95,6.60
1922,6,8.45,0.49,0.49,16.70,4.33,122.19,7.01,7.09
1922,7,8.51,0.49,0.52,16.80,4.33,122.33,7.03,7.52
1922,8,8.83,0.49,0.56,16.60,4.34,128.46,7.18,8.10
1922,9,9.06,0.50,0.59,16.60,4.34,131.80,7.24,8.58
1922,10,9.26,0.50,0.62,16.70,4.35,133.90,7.25,9.01
1922,11,8.80,0.51,0.66,16.80,4.35,126.50,7.27,9.44
1922,12,8.78,0.51,0.69,16.90,4.36,125.46,7.29,9.86
1923,1,8.90,0.51,0.71,16.80,4.36,127.93,7.36,10.27
1923,2,9.28,0.51,0.74,16.80,4.34,133.40,7.38,10.61
1923,3,9.43,0.52,0.76,16.80,4.31,135.55,7.40,10.96
1923,4,9.10,0.52,0.79,16.90,4.29,130.03,7.38,11.24
1923,5,8.67,0.52,0.81,16.90,4.26,123.89,7.41,11.59
1923,6,8.34,0.52,0.84,17.00,4.24,118.47,7.39,11.86
1923,7,8.06,0.52,0.86,17.20,4.21,113.16,7.32,12.06
1923,8,8.10,0.52,0.88,17.10,4.19,114.39,7.39,12.47
1923,9,8.15,0.53,0.91,17.20,4.16,114.43,7.37,12.74
1923,10,8.03,0.53,0.93,17.30,4.14,112.09,7.35,13.01
1923,11,8.27,0.53,0.96,17.30,4.11,115.44,7.37,13.34
1923,12,8.55,0.53,0.98,17.30,4.09,119.35,7.40,13.68
1924,1,8.83,0.53,0.98,17.30,4.06,123.26,7.42,13.62
1924,2,8.87,0.53,0.97,17.20,4.04,124.54,7.49,13.64
1924,3,8.70,0.54,0.97,17.10,4.03,122.86,7.56,13.66
1924,4,8.50,0.54,0.96,17.00,4.01,120.75,7.62,13.68
1924,5,8.47,0.54,0.96,17.00,3.99,120.32,7.65,13.63
1924,6,8.63,0.54,0.96,17.00,3.98,122.59,7.67,13.57
1924,7,9.03,0.54,0.95,17.10,3.96,127.52,7.65,13.43
1924,8,9.34,0.54,0.95,17.00,3.94,132.68,7.72,13.45
1924,9,9.25,0.55,0.94,17.10,3.93,130.63,7.70,13.31
1924,10,9.13,0.55,0.94,17.20,3.91,128.19,7.68,13.17
1924,11,9.64,0.55,0.93,17.20,3.89,135.35,7.70,13.12
1924,12,10.16,0.55,0.93,17.30,3.88,141.82,7.68,12.98
1925,1,10.58,0.55,0.96,17.30,3.86,147.69,7.74,13.35
1925,2,10.67,0.56,0.98,17.20,3.85,149.81,7.84,13.81
1925,3,10.39,0.56,1.01,17.30,3.83,145.03,7.85,14.10
1925,4,10.28,0.57,1.04,17.20,3.82,144.33,7.96,14.56
1925,5,10.61,0.57,1.06,17.30,3.80,148.11,7.97,14.84
1925,6,10.80,0.58,1.09,17.50,3.79,149.03,7.93,15.04
1925,7,11.10,0.58,1.12,17.70,3.77,151.44,7.90,15.24
1925,8,11.25,0.58,1.14,17.70,3.76,153.49,7.96,15.59
1925,9,11.51,0.59,1.17,17.70,3.74,157.04,8.02,15.96
1925,10,11.89,0.59,1.20,17.70,3.73,162.22,8.07,16.33
1925,11,12.26,0.60,1.22,18.00,3.71,164.48,7.99,16.41
1925,12,12.46,0.60,1.25,17.90,3.70,168.10,8.09,16.86
1926,1,12.65,0.61,1.25,17.90,3.68,170.66,8.20,16.85
1926,2,12.67,0.62,1.25,17.90,3.65,170.93,8.30,16.84
1926,3,11.81,0.62,1.25,17.80,3.62,160.23,8.45,16.93
1926,4,11.48,0.63,1.25,17.90,3.60,154.88,8.50,16.82
1926,5,11.56,0.64,1.25,17.80,3.57,156.83,8.65,16.90
1926,6,12.11,0.65,1.25,17.70,3.54,165.22,8.80,16.99
1926,7,12.62,0.65,1.24,17.50,3.51,174.15,9.00,17.17
1926,8,13.12,0.66,1.24,17.40,3.48,182.09,9.16,17.25
1926,9,13.32,0.67,1.24,17.50,3.45,183.81,9.21,17.14
1926,10,13.02,0.68,1.24,17.60,3.43,178.65,9.26,17.04
1926,11,13.19,0.68,1.24,17.70,3.40,179.96,9.31,16.93
1926,12,13.49,0.69,1.24,17.70,3.37,184.05,9.41,16.92
1927,1,13.40,0.70,1.23,17.50,3.34,184.91,9.61,16.96
1927,2,13.66,0.70,1.22,17.40,3.34,189.58,9.76,16.90
1927,3,13.87,0.71,1.21,17.30,3.34,193.61,9.91,16.86
1927,4,14.21,0.72,1.20,17.30,3.34,198.36,10.00,16.71
1927,5,14.70,0.72,1.19,17.40,3.34,204.02,10.04,16.46
1927,6,14.89,0.73,1.18,17.60,3.34,204.31,10.02,16.12
1927,7,15.22,0.74,1.16,17.30,3.34,212.46,10.28,16.25
1927,8,16.03,0.74,1.15,17.20,3.33,225.06,10.44,16.19
1927,9,16.94,0.75,1.14,17.30,3.33,236.47,10.47,15.96
1927,10,16.68,0.76,1.13,17.40,3.33,231.50,10.50,15.71
1927,11,17.06,0.76,1.12,17.30,3.33,238.14,10.65,15.65
1927,12,17.46,0.77,1.11,17.30,3.33,243.72,10.75,15.49
1928,1,17.53,0.78,1.13,17.30,3.33,244.70,10.84,15.82
1928,2,17.32,0.78,1.16,17.10,3.35,244.60,11.06,16.31
1928,3,18.25,0.79,1.18,17.10,3.38,257.73,11.16,16.62
1928,4,19.40,0.80,1.20,17.10,3.40,273.97,11.25,16.95
1928,5,20.00,0.80,1.22,17.20,3.42,280.80,11.28,17.16
1928,6,19.02,0.81,1.25,17.10,3.44,268.61,11.44,17.58
1928,7,19.16,0.82,1.27,17.10,3.47,270.58,11.53,17.91
1928,8,19.78,0.82,1.29,17.10,3.49,279.34,11.63,18.22
1928,9,21.17,0.83,1.31,17.30,3.51,295.51,11.59,18.31
1928,10,21.60,0.84,1.34,17.20,3.53,303.27,11.75,18.74
1928,11,23.06,0.84,1.36,17.20,3.56,323.77,11.84,19.05
1928,12,23.15,0.85,1.38,17.10,3.58,326.93,12.00,19.49
1929,1,24.86,0.86,1.40,17.10,3.60,351.08,12.15,19.76
1929,2,24.99,0.87,1.42,17.10,3.57,352.92,12.29,20.03
1929,3,25.43,0.88,1.44,17.00,3.55,361.24,12.50,20.43
1929,4,25.28,0.89,1.46,16.90,3.52,361.24,12.72,20.82
1929,5,25.66,0.90,1.48,17.00,3.50,364.51,12.78,20.97
1929,6,26.15,0.91,1.50,17.10,3.47,369.30,12.85,21.11
1929,7,28.48,0.92,1.51,17.30,3.45,397.55,12.84,21.13
1929,8,30.10,0.93,1.53,17.30,3.42,420.17,12.98,21.40
1929,9,31.30,0.94,1.55,17.30,3.39,436.92,13.12,21.66
1929,10,27.99,0.95,1.57,17.30,3.37,390.71,13.26,21.94
1929,11,20.58,0.96,1.59,17.30,3.34,287.28,13.40,22.21
1929,12,21.40,0.97,1.61,17.20,3.32,300.46,13.62,22.60
1930,1,21.71,0.97,1.56,17.10,3.29,306.60,13.71,21.99
1930,2,23.07,0.97,1.50,17.00,3.29,327.72,13.80,21.35
1930,3,23.94,0.97,1.45,16.90,3.30,342.09,13.90,20.72
1930,4,25.46,0.97,1.40,17.00,3.30,361.67,13.83,19.84
1930,5,23.94,0.97,1.34,16.90,3.31,342.09,13.92,19.19
1930,6,21.52,0.98,1.29,16.80,3.31,309.34,14.02,18.54
1930,7,21.06,0.98,1.24,16.60,3.32,306.37,14.20,18.00
1930,8,20.79,0.98,1.18,16.50,3.32,304.28,14.29,17.31
1930,9,20.78,0.98,1.13,16.60,3.32,302.30,14.22,16.44
1930,10,17.92,0.98,1.08,16.50,3.33,262.27,14.32,15.76
1930,11,16.62,0.98,1.02,16.40,3.33,244.73,14.42,15.06
1930,12,15.51,0.98,0.97,16.10,3.34,232.64,14.70,14.55
1931,1,15.98,0.97,0.94,15.90,3.34,242.71,14.68,14.28
1931,2,17.20,0.95,0.91,15.70,3.37,264.56,14.66,14.00
1931,3,17.53,0.94,0.88,15.60,3.40,271.37,14.55,13.62
1931,4,15.86,0.93,0.85,15.50,3.43,247.10,14.44,13.24
1931,5,14.33,0.91,0.82,15.30,3.45,226.18,14.42,12.94
1931,6,13.87,0.90,0.79,15.10,3.48,221.82,14.39,12.63
1931,7,14.33,0.89,0.76,15.10,3.51,229.18,14.18,12.15
1931,8,13.90,0.87,0.73,15.10,3.54,222.30,13.97,11.67
1931,9,11.83,0.86,0.70,15.00,3.57,190.46,13.85,11.27
1931,10,10.25,0.85,0.67,14.90,3.60,166.13,13.72,10.86
1931,11,10.39,0.83,0.64,14.70,3.62,170.69,13.69,10.51
1931,12,8.44,0.82,0.61,14.60,3.65,139.60,13.56,10.09
1932,1,8.30,0.79,0.59,14.30,3.68,140.17,13.40,10.02
1932,2,8.23,0.77,0.58,14.10,3.65,140.96,13.13,9.88
1932,3,8.26,0.74,0.56,14.00,3.62,142.48,12.76,9.66
1932,4,6.28,0.71,0.54,13.90,3.59,109.11,12.39,9.44
1932,5,5.51,0.69,0.53,13.70,3.56,97.13,12.10,9.28
1932,6,4.77,0.66,0.51,13.60,3.53,84.70,11.72,9.06
1932,7,5.01,0.63,0.49,13.60,3.50,88.96,11.25,8.76
1932,8,7.53,0.61,0.48,13.50,3.46,134.70,10.85,8.53
1932,9,8.26,0.58,0.46,13.40,3.43,148.86,10.45,8.29
1932,10,7.12,0.55,0.44,13.30,3.40,129.28,10.05,8.05
1932,11,7.05,0.53,0.43,13.20,3.37,128.98,9.64,7.81
1932,12,6.82,0.50,0.41,13.10,3.34,125.72,9.22,7.56
1933,1,7.09,0.50,0.41,12.90,3.31,132.73,9.27,7.72
1933,2,6.25,0.49,0.42,12.70,3.29,118.84,9.32,7.89
1933,3,6.23,0.49,0.42,12.60,3.28,119.40,9.30,8.00
1933,4,6.89,0.48,0.42,12.60,3.26,132.05,9.20,8.05
1933,5,8.87,0.48,0.42,12.60,3.25,170.00,9.10,8.10
1933,6,10.39,0.47,0.43,12.70,3.23,197.57,8.94,8.08
1933,7,11.23,0.47,0.43,13.10,3.22,207.02,8.57,7.88
1933,8,10.67,0.46,0.43,13.20,3.20,195.21,8.42,7.87
1933,9,10.58,0.46,0.43,13.20,3.18,193.56,8.32,7.91
1933,10,9.55,0.45,0.44,13.20,3.17,174.72,8.23,7.96
1933,11,9.78,0.45,0.44,13.20,3.15,178.92,8.14,8.00
1933,12,9.97,0.44,0.44,13.20,3.14,182.40,8.05,8.05
1934,1,10.54,0.44,0.44,13.20,3.12,192.83,8.06,8.13
1934,2,11.32,0.44,0.45,13.30,3.09,205.54,8.02,8.14
1934,3,10.74,0.44,0.45,13.30,3.07,195.01,8.03,8.22
1934,4,10.92,0.44,0.46,13.30,3.04,198.28,8.05,8.29
1934,5,9.81,0.44,0.46,13.30,3.01,178.12,8.07,8.37
1934,6,9.94,0.45,0.47,13.40,2.98,179.14,8.02,8.38
1934,7,9.47,0.45,0.47,13.40,2.96,170.67,8.03,8.46
1934,8,9.10,0.45,0.47,13.40,2.93,164.00,8.05,8.53
1934,9,8.88,0.45,0.48,13.60,2.90,157.68,7.95,8.48
1934,10,8.95,0.45,0.48,13.50,2.87,160.10,8.02,8.62
1934,11,9.20,0.45,0.49,13.50,2.85,164.57,8.04,8.69
1934,12,9.26,0.45,0.49,13.40,2.82,166.88,8.11,8.83
1935,1,9.26,0.45,0.57,13.60,2.79,164.43,7.99,10.12
1935,2,8.98,0.45,0.65,13.70,2.78,158.29,7.93,11.46
1935,3,8.41,0.45,0.73,13.70,2.77,148.24,7.93,12.87
1935,4,9.04,0.45,0.76,13.80,2.76,158.19,7.82,13.24
1935,5,9.75,0.44,0.78,13.80,2.74,170.62,7.76,13.71
1935,6,10.12,0.44,0.81,13.70,2.73,178.39,7.76,14.28
1935,7,10.65,0.44,0.79,13.70,2.72,187.73,7.76,13.98
1935,8,11.37,0.44,0.78,13.70,2.71,200.42,7.76,13.69
1935,9,11.61,0.44,0.76,13.70,2.70,204.65,7.76,13.40
1935,10,11.92,0.45,0.76,13.70,2.69,210.12,7.93,13.40
1935,11,13.04,0.46,0.76,13.80,2.67,228.19,8.05,13.30
1935,12,13.04,0.47,0.76,13.80,2.66,228.19,8.22,13.30
1936,1,13.76,0.48,0.77,13.80,2.65,240.79,8.40,13.47
1936,2,14.55,0.49,0.78,13.80,2.65,254.62,8.57,13.65
1936,3,14.86,0.50,0.79,13.70,2.66,261.94,8.81,13.93
1936,4,14.88,0.52,0.82,13.70,2.66,262.29,9.11,14.45
1936,5,14.09,0.53,0.85,13.70,2.66,248.37,9.40,14.98
1936,6,14.69,0.55,0.88,13.80,2.66,257.07,9.62,15.40
1936,7,15.56,0.57,0.90,13.90,2.67,270.33,9.90,15.64
1936,8,15.87,0.59,0.92,14.00,2.67,273.75,10.18,15.87
1936,9,16.05,0.61,0.94,14.00,2.67,276.85,10.52,16.21
1936,10,16.89,0.65,0.97,14.00,2.67,291.34,11.15,16.67
1936,11,17.36,0.68,0.99,14.00,2.68,299.45,11.79,17.13
1936,12,17.06,0.72,1.02,14.00,2.68,294.27,12.42,17.59
1937,1,17.59,0.73,1.05,14.10,2.68,301.26,12.50,17.98
1937,2,18.11,0.74,1.08,14.10,2.67,310.17,12.67,18.50
1937,3,18.09,0.75,1.11,14.20,2.66,307.65,12.75,18.88
1937,4,17.01,0.78,1.13,14.30,2.65,287.26,13.17,19.08
1937,5,16.25,0.81,1.15,14.40,2.64,272.52,13.58,19.29
1937,6,15.64,0.84,1.17,14.40,2.63,262.29,14.09,19.62
1937,7,16.57,0.82,1.19,14.50,2.62,275.97,13.60,19.76
1937,8,16.74,0.79,1.20,14.50,2.61,278.80,13.21,20.04
1937,9,14.37,0.77,1.22,14.60,2.60,237.69,12.74,20.18
1937,10,12.28,0.78,1.19,14.60,2.59,203.12,12.90,19.68
1937,11,11.20,0.79,1.16,14.50,2.58,186.53,13.16,19.32
1937,12,11.02,0.80,1.13,14.40,2.57,184.81,13.42,18.95
1938,1,11.31,0.79,1.08,14.20,2.56,192.34,13.49,18.31
1938,2,11.04,0.79,1.02,14.10,2.54,189.08,13.47,17.53
1938,3,10.31,0.78,0.97,14.10,2.53,176.58,13.36,16.61
1938,4,9.89,0.77,0.90,14.20,2.51,168.19,13.04,15.36
1938,5,9.98,0.75,0.84,14.10,2.49,170.93,12.90,14.33
1938,6,10.21,0.74,0.77,14.10,2.48,174.87,12.67,13.19
1938,7,12.24,0.71,0.72,14.10,2.46,209.63,12.22,12.33
1938,8,12.31,0.69,0.67,14.10,2.44,210.83,11.76,11.48
1938,9,11.75,0.66,0.62,14.10,2.43,201.24,11.30,10.62
1938,10,13.06,0.61,0.63,14.00,2.41,225.28,10.52,10.81
1938,11,13.07,0.56,0.63,14.00,2.39,225.45,9.66,10.92
1938,12,12.69,0.51,0.64,14.00,2.38,218.89,8.80,11.04
1939,1,12.50,0.51,0.66,14.00,2.36,215.62,8.85,11.44
1939,2,12.40,0.52,0.69,13.90,2.35,215.43,8.98,11.93
1939,3,12.39,0.52,0.71,13.90,2.34,215.26,9.03,12.34
1939,4,10.83,0.52,0.73,13.80,2.32,189.52,9.16,12.72
1939,5,11.23,0.53,0.74,13.80,2.31,196.52,9.22,13.01
1939,6,11.43,0.53,0.76,13.80,2.30,200.02,9.27,13.30
1939,7,11.71,0.54,0.78,13.80,2.29,204.92,9.45,13.59
1939,8,11.54,0.55,0.79,13.80,2.27,201.94,9.62,13.88
1939,9,12.77,0.56,0.81,14.10,2.26,218.71,9.59,13.87
1939,10,12.90,0.58,0.84,14.00,2.25,222.52,10.00,14.49
1939,11,12.67,0.60,0.87,14.00,2.24,218.55,10.35,15.01
1939,12,12.37,0.62,0.90,14.00,2.22,213.37,10.69,15.52
1940,1,12.30,0.62,0.93,13.90,2.21,213.69,10.83,16.16
1940,2,12.22,0.63,0.96,14.00,2.19,210.79,10.81,16.56
1940,3,12.15,0.63,0.99,14.00,2.17,209.58,10.87,17.08
1940,4,12.27,0.64,1.01,14.00,2.15,211.65,10.98,17.36
1940,5,10.58,0.64,1.02,14.00,2.12,182.50,11.10,17.65
1940,6,9.67,0.65,1.04,14.10,2.10,165.62,11.13,17.81
1940,7,9.99,0.66,1.05,14.00,2.08,172.32,11.33,18.17
1940,8,10.20,0.66,1.07,14.00,2.06,175.94,11.44,18.40
1940,9,10.63,0.67,1.08,14.00,2.04,183.36,11.56,18.63
1940,10,10.73,0.67,1.07,14.00,2.02,185.09,11.56,18.46
1940,11,10.98,0.67,1.06,14.00,1.99,189.40,11.56,18.28
1940,12,10.53,0.67,1.05,14.10,1.97,180.35,11.48,17.98
1941,1,10.55,0.67,1.05,14.10,1.95,180.69,11.53,18.04
1941,2,9.89,0.68,1.06,14.10,1.99,169.39,11.59,18.10
1941,3,9.95,0.68,1.06,14.20,2.04,169.21,11.56,18.03
1941,4,9.64,0.68,1.07,14.30,2.08,162.80,11.54,18.07
1941,5,9.43,0.69,1.08,14.40,2.12,158.14,11.52,18.11
1941,6,9.76,0.69,1.09,14.70,2.16,160.34,11.34,17.91
1941,7,10.26,0.69,1.12,14.70,2.21,168.55,11.39,18.45
1941,8,10.21,0.70,1.16,14.90,2.25,165.48,11.29,18.75
1941,9,10.24,0.70,1.19,15.10,2.29,163.77,11.19,19.03
1941,10,9.83,0.70,1.18,15.30,2.33,155.15,11.10,18.62
1941,11,9.37,0.71,1.17,15.40,2.38,146.93,11.08,18.35
1941,12,8.76,0.71,1.16,15.50,2.42,136.48,11.06,18.07
1942,1,8.93,0.70,1.12,15.70,2.46,137.36,10.82,17.23
1942,2,8.65,0.70,1.08,15.80,2.46,132.21,10.65,16.51
1942,3,8.18,0.69,1.04,16.00,2.46,123.46,10.41,15.70
1942,4,7.84,0.68,1.02,16.10,2.46,117.60,10.20,15.30
1942,5,7.93,0.67,1.00,16.30,2.46,117.49,9.93,14.82
1942,6,8.33,0.66,0.98,16.30,2.46,123.41,9.78,14.52
1942,7,8.64,0.65,0.97,16.40,2.47,127.22,9.52,14.23
1942,8,8.59,0.63,0.95,16.50,2.47,125.72,9.27,13.95
1942,9,8.68,0.62,0.94,16.50,2.47,127.04,9.07,13.76
1942,10,9.32,0.61,0.97,16.70,2.47,134.77,8.82,14.03
1942,11,9.47,0.60,1.00,16.80,2.47,136.13,8.62,14.37
1942,12,9.52,0.59,1.03,16.90,2.47,136.04,8.43,14.72
1943,1,10.09,0.59,1.04,16.90,2.47,144.18,8.43,14.91
1943,2,10.69,0.59,1.06,16.90,2.47,152.75,8.43,15.10
1943,3,11.07,0.59,1.07,17.20,2.47,155.42,8.28,15.02
1943,4,11.44,0.59,1.08,17.40,2.47,158.77,8.19,14.99
1943,5,11.89,0.59,1.09,17.50,2.47,164.08,8.14,15.04
1943,6,12.10,0.59,1.10,17.50,2.47,166.97,8.14,15.18
1943,7,12.35,0.59,1.09,17.40,2.48,171.40,8.23,15.17
1943,8,11.74,0.60,1.09,17.30,2.48,163.88,8.33,15.17
1943,9,11.99,0.60,1.08,17.40,2.48,166.41,8.33,14.99
1943,10,11.88,0.60,1.03,17.40,2.48,164.88,8.37,14.34
1943,11,11.33,0.61,0.99,17.40,2.48,157.25,8.42,13.69
1943,12,11.48,0.61,0.94,17.40,2.48,159.33,8.47,13.05
1944,1,11.85,0.61,0.94,17.40,2.48,164.46,8.51,13.00
1944,2,11.77,0.62,0.93,17.40,2.47,163.35,8.56,12.95
1944,3,12.10,0.62,0.93,17.40,2.46,167.93,8.60,12.91
1944,4,11.89,0.62,0.93,17.50,2.45,164.08,8.60,12.79
1944,5,12.10,0.63,0.92,17.50,2.44,166.97,8.65,12.74
1944,6,12.67,0.63,0.92,17.60,2.43,173.85,8.64,12.62
1944,7,13.00,0.63,0.91,17.70,2.43,177.37,8.64,12.46
1944,8,12.81,0.64,0.91,17.70,2.42,174.77,8.69,12.37
1944,9,12.60,0.64,0.90,17.70,2.41,171.91,8.73,12.28
1944,10,12.91,0.64,0.91,17.70,2.40,176.14,8.73,12.42
1944,11,12.82,0.64,0.92,17.70,2.39,174.91,8.73,12.55
1944,12,13.10,0.64,0.93,17.80,2.38,177.73,8.68,12.62
1945,1,13.49,0.64,0.94,17.80,2.37,183.02,8.73,12.75
1945,2,13.94,0.65,0.95,17.80,2.36,189.12,8.77,12.89
1945,3,13.93,0.65,0.96,17.80,2.34,188.99,8.82,13.02
1945,4,14.28,0.65,0.97,17.80,2.33,193.74,8.82,13.21
1945,5,14.82,0.65,0.99,17.90,2.31,199.94,8.77,13.31
1945,6,15.09,0.65,1.00,18.10,2.30,201.33,8.67,13.34
1945,7,14.78,0.65,1.00,18.10,2.28,197.20,8.72,13.30
1945,8,14.83,0.66,0.99,18.10,2.27,197.86,8.76,13.25
1945,9,15.84,0.66,0.99,18.10,2.25,211.34,8.81,13.21
1945,10,16.50,0.66,0.98,18.10,2.24,220.14,8.81,13.08
1945,11,17.04,0.66,0.97,18.10,2.22,227.35,8.81,12.94
1945,12,17.33,0.66,0.96,18.20,2.21,229.95,8.76,12.74
1946,1,18.02,0.67,0.94,18.20,2.19,239.10,8.85,12.47
1946,2,18.07,0.67,0.92,18.10,2.20,241.09,8.98,12.27
1946,3,17.53,0.68,0.90,18.30,2.20,231.33,8.97,11.88
1946,4,18.66,0.68,0.88,18.40,2.21,244.90,8.92,11.55
1946,5,18.70,0.68,0.86,18.50,2.21,244.10,8.88,11.23
1946,6,18.58,0.68,0.84,18.70,2.22,239.94,8.78,10.85
1946,7,18.05,0.68,0.86,19.80,2.22,220.15,8.33,10.45
1946,8,17.70,0.69,0.87,20.20,2.23,211.60,8.21,10.44
1946,9,15.09,0.69,0.89,20.40,2.23,178.63,8.17,10.54
1946,10,14.75,0.70,0.95,20.80,2.24,171.25,8.09,10.99
1946,11,14.69,0.70,1.00,21.30,2.24,166.55,7.97,11.38
1946,12,15.13,0.71,1.06,21.50,2.25,169.94,7.97,11.91
1947,1,15.21,0.71,1.13,21.50,2.25,170.84,8.01,12.69
1947,2,15.80,0.72,1.20,21.50,2.27,177.47,8.05,13.48
1947,3,15.16,0.72,1.27,21.90,2.28,167.17,7.94,14.00
1947,4,14.60,0.73,1.33,21.90,2.30,160.99,8.09,14.63
1947,5,14.34,0.75,1.38,21.90,2.31,158.13,8.23,15.25
1947,6,14.84,0.76,1.44,22.00,2.33,162.90,8.34,15.81
1947,7,15.77,0.77,1.48,22.20,2.35,171.55,8.38,16.06
1947,8,15.46,0.78,1.51,22.50,2.36,165.93,8.37,16.24
1947,9,15.06,0.79,1.55,23.00,2.38,158.12,8.29,16.27
1947,10,15.45,0.81,1.57,23.00,2.39,162.22,8.47,16.48
1947,11,15.27,0.82,1.59,23.10,2.41,159.64,8.61,16.62
1947,12,15.03,0.84,1.61,23.40,2.42,155.11,8.67,16.62
1948,1,14.83,0.84,1.64,23.70,2.44,151.11,8.59,16.74
1948,2,14.10,0.85,1.68,23.50,2.43,144.89,8.70,17.23
1948,3,14.30,0.85,1.71,23.40,2.42,147.58,8.77,17.65
1948,4,15.40,0.85,1.76,23.80,2.41,156.26,8.62,17.86
1948,5,16.15,0.85,1.81,23.90,2.40,163.18,8.59,18.29
1948,6,16.82,0.85,1.86,24.10,2.39,168.54,8.52,18.64
1948,7,16.42,0.86,1.93,24.40,2.38,162.51,8.48,19.10
1948,8,15.94,0.86,2.00,24.50,2.36,157.12,8.51,19.71
1948,9,15.76,0.87,2.07,24.50,2.35,155.34,8.58,20.40
1948,10,16.19,0.89,2.14,24.40,2.34,160.24,8.81,21.21
1948,11,15.29,0.91,2.22,24.20,2.33,152.58,9.08,22.12
1948,12,15.19,0.93,2.29,24.10,2.32,152.21,9.32,22.95
1949,1,15.36,0.95,2.32,24.00,2.31,154.55,9.53,23.34
1949,2,14.77,0.96,2.35,23.80,2.31,149.87,9.77,23.84
1949,3,14.91,0.98,2.38,23.80,2.31,151.29,9.94,24.15
1949,4,14.89,0.99,2.39,23.90,2.31,150.45,10.04,24.12
1949,5,14.78,1.01,2.39,23.80,2.31,149.97,10.21,24.28
1949,6,13.97,1.02,2.40,23.90,2.31,141.16,10.31,24.25
1949,7,14.76,1.03,2.40,23.70,2.32,150.40,10.46,24.42
1949,8,15.29,1.03,2.39,23.80,2.32,155.14,10.48,24.28
1949,9,15.49,1.04,2.39,23.90,2.32,156.51,10.51,24.15
1949,10,15.89,1.07,2.37,23.70,2.32,161.91,10.94,24.12
1949,11,16.11,1.11,2.34,23.80,2.32,163.46,11.23,23.78
1949,12,16.54,1.14,2.32,23.60,2.32,169.25,11.67,23.74
1950,1,16.88,1.15,2.34,23.50,2.32,173.46,11.82,24.01
1950,2,17.21,1.16,2.35,23.50,2.34,176.85,11.92,24.18
1950,3,17.35,1.17,2.37,23.60,2.36,177.54,11.97,24.25
1950,4,17.84,1.18,2.43,23.60,2.38,182.55,12.07,24.83
1950,5,18.44,1.19,2.48,23.70,2.40,187.89,12.13,25.30
1950,6,18.74,1.20,2.54,23.80,2.42,190.15,12.18,25.77
1950,7,17.38,1.24,2.60,24.10,2.45,174.15,12.46,26.05
1950,8,18.43,1.29,2.66,24.30,2.47,183.16,12.79,26.43
1950,9,19.08,1.33,2.72,24.40,2.49,188.84,13.16,26.92
1950,10,19.87,1.38,2.76,24.60,2.51,195.06,13.51,27.09
1950,11,19.83,1.42,2.80,24.70,2.53,193.88,13.92,27.38
1950,12,19.75,1.47,2.84,25.00,2.55,190.78,14.20,27.43
1951,1,21.21,1.49,2.84,25.40,2.57,201.65,14.13,26.97
1951,2,22.00,1.50,2.83,25.70,2.58,206.72,14.13,26.62
1951,3,21.63,1.52,2.83,25.80,2.59,202.46,14.23,26.49
1951,4,21.92,1.53,2.79,25.80,2.60,205.17,14.35,26.15
1951,5,21.93,1.55,2.76,25.90,2.61,204.48,14.42,25.70
1951,6,21.55,1.56,2.72,25.90,2.62,200.93,14.55,25.36
1951,7,21.93,1.55,2.65,25.90,2.63,204.48,14.42,24.71
1951,8,22.89,1.53,2.58,25.90,2.63,213.43,14.30,24.06
1951,9,23.48,1.52,2.51,26.10,2.64,217.25,14.06,23.22
1951,10,23.36,1.48,2.49,26.20,2.65,215.31,13.67,22.92
1951,11,22.71,1.45,2.46,26.40,2.66,207.74,13.23,22.53
1951,12,23.41,1.41,2.44,26.50,2.67,213.33,12.85,22.24
1952,1,24.19,1.41,2.43,26.50,2.68,220.44,12.88,22.11
1952,2,23.75,1.42,2.41,26.30,2.69,218.08,13.01,22.16
1952,3,23.81,1.42,2.40,26.30,2.71,218.63,13.04,22.04
1952,4,23.74,1.43,2.38,26.40,2.72,217.16,13.08,21.77
1952,5,23.73,1.44,2.36,26.40,2.73,217.07,13.17,21.59
1952,6,24.38,1.45,2.34,26.50,2.74,222.17,13.21,21.32
1952,7,25.08,1.45,2.35,26.70,2.76,226.84,13.11,21.22
1952,8,25.18,1.45,2.35,26.70,2.77,227.74,13.11,21.28
1952,9,24.78,1.45,2.36,26.70,2.78,224.13,13.11,21.35
1952,10,24.26,1.44,2.37,26.70,2.79,219.42,12.99,21.47
1952,11,25.03,1.42,2.39,26.70,2.81,226.39,12.87,21.59
1952,12,26.04,1.41,2.40,26.70,2.82,235.52,12.75,21.71
1953,1,26.18,1.41,2.41,26.60,2.83,237.68,12.80,21.88
1953,2,25.86,1.41,2.42,26.50,2.80,235.66,12.85,22.05
1953,3,25.99,1.41,2.43,26.60,2.77,235.95,12.80,22.06
1953,4,24.71,1.41,2.46,26.60,2.83,224.33,12.83,22.30
1953,5,24.84,1.42,2.48,26.70,3.05,224.67,12.81,22.46
1953,6,23.95,1.42,2.51,26.80,3.11,215.81,12.80,22.62
1953,7,24.29,1.42,2.52,26.80,2.93,218.87,12.80,22.74
1953,8,24.39,1.42,2.54,26.90,2.95,218.96,12.75,22.77
1953,9,23.27,1.42,2.55,26.90,2.87,208.90,12.75,22.89
1953,10,23.97,1.43,2.54,27.00,2.66,214.39,12.79,22.69
1953,11,24.50,1.44,2.52,26.90,2.68,219.95,12.93,22.65
1953,12,24.83,1.45,2.51,26.90,2.59,222.91,13.02,22.53
1954,1,25.46,1.46,2.52,26.90,2.48,228.56,13.08,22.65
1954,2,26.02,1.46,2.54,26.90,2.47,233.59,13.14,22.77
1954,3,26.57,1.47,2.55,26.90,2.37,238.53,13.20,22.89
1954,4,27.63,1.46,2.57,26.80,2.29,248.97,13.19,23.19
1954,5,28.73,1.46,2.60,26.90,2.37,257.92,13.08,23.31
1954,6,28.96,1.45,2.62,26.90,2.38,259.98,13.02,23.52
1954,7,30.13,1.46,2.62,26.90,2.30,270.49,13.08,23.55
1954,8,30.73,1.46,2.63,26.90,2.36,275.87,13.14,23.58
1954,9,31.45,1.47,2.63,26.80,2.38,283.39,13.25,23.70
1954,10,32.18,1.49,2.68,26.80,2.43,289.97,13.46,24.12
1954,11,33.44,1.52,2.72,26.80,2.48,301.32,13.67,24.54
1954,12,34.97,1.54,2.77,26.70,2.51,316.29,13.93,25.05
1955,1,35.60,1.55,2.83,26.70,2.61,321.99,13.99,25.63
1955,2,36.79,1.55,2.90,26.70,2.65,332.75,14.05,26.20
1955,3,36.50,1.56,2.96,26.70,2.68,330.13,14.11,26.77
1955,4,37.76,1.56,3.05,26.70,2.75,341.52,14.14,27.56
1955,5,37.60,1.57,3.13,26.70,2.76,340.08,14.17,28.34
1955,6,39.78,1.57,3.22,26.70,2.78,359.79,14.20,29.12
1955,7,42.69,1.59,3.29,26.80,2.90,384.67,14.30,29.68
1955,8,42.43,1.60,3.37,26.80,2.97,382.33,14.45,30.34
1955,9,44.34,1.62,3.44,26.90,2.97,398.06,14.54,30.88
1955,10,42.11,1.63,3.50,26.90,2.88,378.04,14.60,31.42
1955,11,44.95,1.63,3.56,26.90,2.89,403.53,14.66,31.96
1955,12,45.37,1.64,3.62,26.80,2.96,408.82,14.78,32.62
1956,1,44.15,1.67,3.64,26.80,2.90,397.83,15.05,32.83
1956,2,44.43,1.70,3.67,26.80,2.84,400.35,15.32,33.04
1956,3,47.49,1.73,3.69,26.80,2.96,427.93,15.59,33.25
1956,4,48.05,1.75,3.66,26.90,3.18,431.36,15.74,32.86
1956,5,46.54,1.78,3.63,27.00,3.07,416.26,15.89,32.47
1956,6,46.27,1.80,3.60,27.20,3.00,410.80,15.98,31.96
1956,7,48.78,1.81,3.55,27.40,3.11,429.92,15.98,31.32
1956,8,48.49,1.83,3.51,27.30,3.33,428.93,16.16,31.02
1956,9,46.84,1.84,3.46,27.40,3.38,412.83,16.22,30.49
1956,10,46.24,1.81,3.44,27.50,3.34,406.06,15.87,30.24
1956,11,45.76,1.77,3.43,27.50,3.49,401.84,15.57,30.09
1956,12,46.44,1.74,3.41,27.60,3.59,406.34,15.22,29.84
1957,1,45.43,1.74,3.41,27.60,3.46,397.50,15.20,29.81
1957,2,43.47,1.73,3.40,27.70,3.34,378.98,15.11,29.67
1957,3,44.03,1.73,3.40,27.80,3.41,382.48,15.03,29.53
1957,4,45.05,1.73,3.41,27.90,3.48,389.93,14.97,29.49
1957,5,46.78,1.73,3.41,28.00,3.60,403.46,14.92,29.44
1957,6,47.55,1.73,3.42,28.10,3.80,408.64,14.87,29.39
1957,7,48.51,1.74,3.44,28.30,3.93,413.95,14.85,29.33
1957,8,45.84,1.75,3.45,28.30,3.93,391.16,14.93,29.47
1957,9,43.98,1.76,3.47,28.30,3.92,375.29,15.02,29.61
1957,10,41.24,1.77,3.44,28.30,3.97,351.91,15.10,29.33
1957,11,40.35,1.78,3.40,28.40,3.72,343.10,15.14,28.94
1957,12,40.33,1.79,3.37,28.40,3.21,342.93,15.22,28.66
1958,1,41.12,1.78,3.29,28.60,3.09,347.21,15.06,27.81
1958,2,41.26,1.78,3.22,28.60,3.05,348.39,15.00,27.16
1958,3,42.11,1.77,3.14,28.80,2.98,353.10,14.84,26.33
1958,4,42.34,1.76,3.07,28.90,2.88,353.80,14.68,25.65
1958,5,43.70,1.74,3.00,28.90,2.92,365.16,14.57,25.07
1958,6,44.75,1.73,2.93,28.90,2.97,373.94,14.46,24.48
1958,7,45.98,1.73,2.91,29.00,3.20,382.89,14.41,24.26
1958,8,47.70,1.73,2.90,28.90,3.54,398.59,14.46,24.20
1958,9,48.96,1.73,2.88,28.90,3.76,409.11,14.46,24.07
1958,10,50.95,1.74,2.88,28.90,3.80,425.74,14.51,24.09
1958,11,52.50,1.74,2.89,29.00,3.74,437.18,14.52,24.04
1958,12,53.49,1.75,2.89,28.90,3.86,446.97,14.62,24.15
1959,1,55.62,1.76,2.96,29.00,4.02,463.16,14.63,24.68
1959,2,54.77,1.76,3.04,28.90,3.96,457.66,14.73,25.37
1959,3,56.16,1.77,3.11,28.90,3.99,469.28,14.79,25.99
1959,4,57.10,1.78,3.21,29.00,4.12,475.49,14.79,26.70
1959,5,57.96,1.78,3.30,29.00,4.31,482.65,14.85,27.51
1959,6,57.46,1.79,3.40,29.10,4.34,476.84,14.85,28.22
1959,7,59.74,1.80,3.41,29.20,4.40,494.06,14.86,28.20
1959,8,59.40,1.80,3.42,29.20,4.43,491.25,14.91,28.28
1959,9,57.05,1.81,3.43,29.30,4.68,470.21,14.92,28.27
1959,10,57.00,1.82,3.42,29.40,4.53,468.20,14.92,28.06
1959,11,57.23,1.82,3.40,29.40,4.53,470.09,14.98,27.95
1959,12,59.06,1.83,3.39,29.40,4.69,485.12,15.03,27.85
1960,1,58.03,1.87,3.39,29.30,4.72,478.28,15.39,27.94
1960,2,55.78,1.90,3.39,29.40,4.49,458.18,15.63,27.85
1960,3,55.02,1.94,3.39,29.40,4.25,451.93,15.94,27.85
1960,4,55.73,1.94,3.35,29.50,4.28,456.21,15.91,27.40
1960,5,55.22,1.95,3.30,29.50,4.35,452.04,15.94,27.04
1960,6,57.26,1.95,3.26,29.60,4.15,467.16,15.91,26.60
1960,7,55.84,1.95,3.26,29.60,3.90,455.57,15.91,26.62
1960,8,56.51,1.95,3.27,29.60,3.80,461.04,15.91,26.65
1960,9,54.81,1.95,3.27,29.60,3.80,447.17,15.91,26.68
1960,10,53.73,1.95,3.27,29.80,3.89,435.41,15.80,26.50
1960,11,55.47,1.95,3.27,29.80,3.93,449.51,15.80,26.50
1960,12,56.80,1.95,3.27,29.80,3.84,460.29,15.80,26.50
1961,1,59.72,1.95,3.21,29.80,3.84,483.95,15.78,26.01
1961,2,62.17,1.94,3.15,29.80,3.78,503.81,15.75,25.53
1961,3,64.12,1.94,3.09,29.80,3.74,519.61,15.72,25.04
1961,4,65.83,1.94,3.07,29.80,3.78,533.47,15.72,24.88
1961,5,66.50,1.94,3.05,29.80,3.71,538.90,15.72,24.72
1961,6,65.62,1.94,3.03,29.80,3.88,531.77,15.72,24.55
1961,7,65.44,1.95,3.04,30.00,3.92,526.77,15.67,24.44
1961,8,67.79,1.95,3.04,29.90,4.04,547.51,15.78,24.58
1961,9,67.26,1.96,3.05,30.00,3.98,541.42,15.78,24.55
1961,10,68.00,1.98,3.10,30.00,3.92,547.38,15.94,24.93
1961,11,71.08,2.00,3.14,30.00,3.94,572.17,16.10,25.30
1961,12,71.74,2.02,3.19,30.00,4.06,577.49,16.26,25.68
1962,1,69.07,2.03,3.25,30.00,4.08,555.99,16.31,26.16
1962,2,70.22,2.03,3.31,30.10,4.04,563.37,16.31,26.56
1962,3,70.29,2.04,3.37,30.10,3.93,563.93,16.37,27.04
1962,4,68.05,2.05,3.40,30.20,3.84,544.15,16.37,27.21
1962,5,62.99,2.05,3.44,30.20,3.87,503.69,16.42,27.48
1962,6,55.63,2.06,3.47,30.20,3.91,444.84,16.47,27.75
1962,7,56.97,2.07,3.49,30.30,4.01,454.05,16.47,27.82
1962,8,58.52,2.07,3.51,30.30,3.98,466.40,16.52,27.97
1962,9,58.00,2.08,3.53,30.40,3.98,460.74,16.52,28.04
1962,10,56.17,2.10,3.58,30.40,3.93,446.20,16.66,28.41
1962,11,60.04,2.11,3.62,30.40,3.92,476.95,16.79,28.78
1962,12,62.64,2.13,3.67,30.40,3.86,497.60,16.92,29.15
1963,1,65.06,2.14,3.68,30.40,3.83,516.82,16.97,29.26
1963,2,65.92,2.14,3.70,30.40,3.92,523.65,17.03,29.37
1963,3,65.67,2.15,3.71,30.50,3.93,519.96,17.02,29.37
1963,4,68.76,2.17,3.75,30.50,3.97,544.42,17.16,29.72
1963,5,70.14,2.18,3.80,30.50,3.93,555.35,17.29,30.06
1963,6,70.11,2.20,3.84,30.60,3.99,553.30,17.36,30.30
1963,7,69.07,2.20,3.88,30.70,4.02,543.32,17.33,30.52
1963,8,70.98,2.21,3.92,30.70,4.00,558.34,17.36,30.84
1963,9,72.85,2.21,3.96,30.70,4.08,573.05,17.38,31.15
1963,10,73.03,2.23,3.98,30.80,4.11,572.60,17.51,31.21
1963,11,72.62,2.26,4.00,30.80,4.12,569.39,17.69,31.36
1963,12,74.17,2.28,4.02,30.90,4.13,579.66,17.82,31.42
1964,1,76.45,2.30,4.07,30.90,4.17,597.48,17.95,31.83
1964,2,77.39,2.31,4.13,30.90,4.15,604.82,18.08,32.25
1964,3,78.80,2.33,4.18,30.90,4.22,615.84,18.21,32.67
1964,4,79.94,2.35,4.23,30.90,4.23,624.75,18.34,33.06
1964,5,80.72,2.36,4.28,30.90,4.20,630.85,18.47,33.45
1964,6,80.24,2.38,4.33,31.00,4.17,625.07,18.54,33.73
1964,7,83.22,2.40,4.38,31.10,4.19,646.20,18.64,33.98
1964,8,82.00,2.42,4.42,31.00,4.19,638.78,18.85,34.46
1964,9,83.41,2.44,4.47,31.10,4.20,647.68,18.95,34.71
1964,10,84.85,2.46,4.50,31.10,4.19,658.86,19.10,34.92
1964,11,85.44,2.48,4.52,31.20,4.15,661.31,19.20,35.01
1964,12,83.96,2.50,4.55,31.20,4.18,649.86,19.35,35.22
1965,1,86.12,2.52,4.59,31.20,4.19,666.58,19.48,35.55
1965,2,86.75,2.53,4.64,31.20,4.21,671.45,19.61,35.89
1965,3,86.83,2.55,4.68,31.30,4.21,669.93,19.67,36.11
1965,4,87.97,2.57,4.73,31.40,4.20,676.56,19.77,36.40
1965,5,89.28,2.59,4.79,31.40,4.21,686.63,19.92,36.81
1965,6,85.04,2.61,4.84,31.60,4.21,649.89,19.95,36.99
1965,7,84.91,2.63,4.89,31.60,4.20,648.89,20.07,37.34
1965,8,86.49,2.64,4.93,31.60,4.25,660.97,20.20,37.70
1965,9,89.38,2.66,4.98,31.60,4.29,683.05,20.33,38.06
1965,10,91.39,2.68,5.05,31.70,4.35,696.21,20.42,38.47
1965,11,92.15,2.70,5.12,31.70,4.45,702.00,20.57,39.00
1965,12,91.73,2.72,5.19,31.80,4.62,696.60,20.66,39.41
1966,1,93.32,2.74,5.24,31.80,4.61,708.68,20.81,39.79
1966,2,92.69,2.76,5.29,32.00,4.83,699.49,20.83,39.92
1966,3,88.88,2.78,5.34,32.10,4.87,668.65,20.91,40.17
1966,4,91.60,2.80,5.38,32.30,4.75,684.85,20.91,40.22
1966,5,86.78,2.81,5.42,32.30,4.78,648.81,21.03,40.52
1966,6,86.06,2.83,5.46,32.40,4.81,641.44,21.09,40.70
1966,7,85.84,2.85,5.48,32.50,5.02,637.83,21.18,40.69
1966,8,80.65,2.87,5.49,32.70,5.22,595.60,21.20,40.57
1966,9,77.81,2.89,5.51,32.70,5.18,574.63,21.34,40.69
1966,10,77.13,2.88,5.52,32.90,5.01,566.15,21.16,40.54
1966,11,80.99,2.88,5.54,32.90,5.16,594.48,21.12,40.64
1966,12,81.33,2.87,5.55,32.90,4.84,596.98,21.07,40.74
1967,1,84.45,2.88,5.52,32.90,4.58,619.88,21.14,40.49
1967,2,87.36,2.89,5.48,32.90,4.63,641.24,21.21,40.25
1967,3,89.42,2.90,5.45,33.00,4.54,654.37,21.22,39.88
1967,4,90.96,2.90,5.41,33.10,4.59,663.63,21.16,39.47
1967,5,92.59,2.90,5.37,33.20,4.85,673.48,21.09,39.06
1967,6,91.43,2.90,5.33,33.30,5.02,663.05,21.03,38.65
1967,7,93.01,2.91,5.32,33.40,5.16,672.49,21.02,38.47
1967,8,94.49,2.91,5.31,33.50,5.28,681.15,21.00,38.28
1967,9,95.81,2.92,5.30,33.60,5.30,688.61,20.99,38.09
1967,10,95.66,2.92,5.31,33.70,5.48,685.49,20.92,38.05
1967,11,92.66,2.92,5.32,33.80,5.75,662.03,20.86,38.01
1967,12,95.30,2.92,5.33,33.90,5.70,678.88,20.80,37.97
1968,1,95.04,2.93,5.37,34.10,5.53,673.06,20.75,38.01
1968,2,90.75,2.94,5.40,34.20,5.56,640.80,20.76,38.15
1968,3,89.09,2.95,5.44,34.30,5.74,627.24,20.77,38.30
1968,4,95.67,2.96,5.48,34.40,5.64,671.61,20.80,38.49
1968,5,97.87,2.98,5.53,34.50,5.87,685.07,20.84,38.69
1968,6,100.50,2.99,5.57,34.70,5.72,699.42,20.81,38.76
1968,7,100.30,3.00,5.60,34.90,5.50,694.03,20.78,38.75
1968,8,98.11,3.02,5.63,35.00,5.42,676.93,20.81,38.85
1968,9,101.30,3.03,5.66,35.10,5.46,696.95,20.85,38.94
1968,10,103.80,3.04,5.69,35.30,5.58,710.11,20.82,38.95
1968,11,105.40,3.06,5.73,35.40,5.70,719.02,20.85,39.07
1968,12,106.50,3.07,5.76,35.50,6.03,724.47,20.88,39.18
1969,1,102.00,3.08,5.78,35.60,6.04,691.91,20.89,39.21
1969,2,101.50,3.09,5.80,35.80,6.19,684.67,20.84,39.12
1969,3,99.30,3.10,5.82,36.10,6.30,664.27,20.74,38.93
1969,4,101.30,3.11,5.83,36.30,6.17,673.91,20.69,38.76
1969,5,104.60,3.12,5.83,36.40,6.32,693.96,20.70,38.70
1969,6,99.14,3.13,5.84,36.60,6.57,654.14,20.65,38.53
1969,7,94.71,3.14,5.86,36.80,6.72,621.51,20.58,38.43
1969,8,94.18,3.14,5.87,37.00,6.69,614.69,20.52,38.33
1969,9,94.51,3.15,5.89,37.10,7.16,615.18,20.50,38.34
1969,10,95.52,3.15,5.85,37.30,7.10,618.42,20.42,37.90
1969,11,96.21,3.16,5.82,37.50,7.14,619.57,20.33,37.46
1969,12,91.11,3.16,5.78,37.70,7.65,583.61,20.24,37.02
1970,1,90.31,3.16,5.73,37.80,7.79,576.96,20.21,36.61
1970,2,87.16,3.17,5.68,38.00,7.24,553.90,20.12,36.10
1970,3,88.65,3.17,5.63,38.20,7.07,560.42,20.04,35.59
1970,4,85.95,3.17,5.59,38.50,7.39,539.12,19.90,35.08
1970,5,76.06,3.18,5.56,38.60,7.91,475.85,19.87,34.76
1970,6,75.59,3.18,5.52,38.80,7.84,470.47,19.79,34.36
1970,7,75.72,3.18,5.47,39.00,7.46,468.86,19.71,33.85
1970,8,77.92,3.19,5.41,39.00,7.53,482.49,19.73,33.52
1970,9,82.58,3.19,5.36,39.20,7.39,508.73,19.65,33.02
1970,10,84.37,3.17,5.28,39.40,7.33,517.12,19.45,32.38
1970,11,84.28,3.16,5.21,39.60,6.84,513.96,19.25,31.75
1970,12,90.05,3.14,5.13,39.80,6.39,546.39,19.05,31.13
1971,1,93.49,3.13,5.16,39.80,6.24,567.26,18.99,31.31
1971,2,97.11,3.12,5.19,39.90,6.11,587.75,18.88,31.41
1971,3,99.60,3.11,5.22,40.00,5.70,601.31,18.78,31.51
1971,4,103.00,3.11,5.25,40.10,5.83,620.29,18.71,31.64
1971,5,101.60,3.10,5.29,40.30,6.39,608.82,18.60,31.68
1971,6,99.72,3.10,5.32,40.60,6.52,593.14,18.44,31.64
1971,7,99.00,3.10,5.36,40.70,6.73,587.41,18.37,31.78
1971,8,97.24,3.09,5.39,40.80,6.58,575.55,18.31,31.92
1971,9,99.40,3.09,5.43,40.80,6.14,588.34,18.29,32.14
1971,10,97.29,3.08,5.52,40.90,5.93,574.44,18.21,32.59
1971,11,92.78,3.08,5.61,40.90,5.81,547.81,18.17,33.12
1971,12,99.17,3.07,5.70,41.10,5.93,582.69,18.04,33.49
1972,1,103.30,3.07,5.74,41.10,5.95,606.96,18.04,33.71
1972,2,105.20,3.07,5.77,41.30,6.08,615.13,17.95,33.76
1972,3,107.70,3.07,5.81,41.40,6.07,628.23,17.91,33.89
1972,4,108.80,3.07,5.86,41.50,6.19,633.11,17.86,34.12
1972,5,107.70,3.07,5.92,41.60,6.13,625.21,17.82,34.35
1972,6,108.00,3.07,5.97,41.70,6.11,625.44,17.78,34.57
1972,7,107.20,3.07,6.03,41.90,6.11,617.85,17.71,34.73
1972,8,111.00,3.08,6.08,42.00,6.21,638.23,17.69,34.98
1972,9,109.40,3.08,6.14,42.10,6.55,627.53,17.67,35.22
1972,10,109.60,3.10,6.23,42.30,6.48,625.71,17.72,35.59
1972,11,115.10,3.13,6.33,42.40,6.28,655.56,17.81,36.03
1972,12,117.50,3.15,6.42,42.50,6.36,667.65,17.90,36.48
1973,1,118.40,3.16,6.55,42.60,6.46,671.19,17.89,37.11
1973,2,114.20,3.16,6.67,42.90,6.64,642.85,17.81,37.57
1973,3,112.40,3.17,6.80,43.30,6.71,626.87,17.68,37.92
1973,4,110.30,3.19,6.94,43.60,6.67,610.93,17.65,38.46
1973,5,107.20,3.20,7.09,43.90,6.85,589.70,17.62,38.98
1973,6,104.80,3.22,7.23,44.20,6.90,572.59,17.59,39.50
1973,7,105.80,3.24,7.38,44.30,7.13,576.74,17.64,40.25
1973,8,103.80,3.25,7.54,45.10,7.40,555.80,17.42,40.36
1973,9,105.60,3.27,7.69,45.20,7.09,564.19,17.47,41.09
1973,10,109.80,3.31,7.85,45.60,6.79,581.49,17.51,41.55
1973,11,102.00,3.34,8.00,45.90,6.73,536.65,17.59,42.11
1973,12,94.78,3.38,8.16,46.20,6.74,495.42,17.67,42.65
1974,1,96.11,3.40,8.23,46.60,6.99,498.06,17.62,42.63
1974,2,93.45,3.42,8.29,47.20,6.96,478.12,17.50,42.43
1974,3,97.44,3.44,8.36,47.80,7.21,492.28,17.38,42.24
1974,4,92.46,3.46,8.49,48.00,7.51,465.17,17.41,42.70
1974,5,89.67,3.48,8.61,48.60,7.58,445.57,17.29,42.80
1974,6,89.79,3.50,8.74,49.00,7.54,442.52,17.25,43.07
1974,7,79.31,3.53,8.86,49.40,7.81,387.71,17.26,43.33
1974,8,76.03,3.56,8.99,50.00,8.04,367.21,17.19,43.40
1974,9,68.12,3.59,9.11,50.60,8.04,325.11,17.13,43.48
1974,10,69.44,3.59,9.04,51.10,7.90,328.16,16.98,42.71
1974,11,71.74,3.60,8.96,51.50,7.68,336.40,16.87,42.03
1974,12,67.07,3.60,8.89,51.90,7.43,312.08,16.75,41.37
1975,1,72.56,3.62,8.74,52.10,7.50,336.33,16.79,40.53
1975,2,80.10,3.65,8.60,52.50,7.39,368.45,16.77,39.54
1975,3,83.78,3.67,8.45,52.70,7.73,383.91,16.82,38.72
1975,4,84.72,3.68,8.29,52.90,8.23,386.75,16.81,37.83
1975,5,90.10,3.70,8.12,53.20,8.06,408.99,16.78,36.87
1975,6,92.40,3.71,7.96,53.60,7.86,416.30,16.72,35.86
1975,7,92.49,3.71,7.89,54.20,8.06,412.09,16.53,35.17
1975,8,85.71,3.71,7.83,54.30,8.40,381.18,16.50,34.81
1975,9,84.67,3.71,7.76,54.60,8.43,374.49,16.41,34.32
1975,10,88.57,3.70,7.83,54.90,8.14,389.60,16.28,34.43
1975,11,90.07,3.69,7.89,55.30,8.05,393.33,16.11,34.47
1975,12,88.70,3.68,7.96,55.50,8.00,385.95,16.01,34.64
1976,1,96.86,3.68,8.19,55.60,7.74,420.70,16.00,35.59
1976,2,100.60,3.69,8.43,55.80,7.79,435.38,15.96,36.47
1976,3,101.10,3.69,8.66,55.90,7.73,436.76,15.94,37.41
1976,4,101.90,3.71,8.86,56.10,7.56,438.64,15.98,38.12
1976,5,101.20,3.74,9.05,56.50,7.90,432.55,15.97,38.70
1976,6,101.80,3.76,9.25,56.80,7.86,432.81,15.99,39.33
1976,7,104.20,3.79,9.35,57.10,7.83,440.69,16.03,39.54
1976,8,103.30,3.82,9.45,57.40,7.77,434.60,16.07,39.76
1976,9,105.50,3.85,9.55,57.60,7.59,442.31,16.14,40.04
1976,10,101.90,3.92,9.67,57.90,7.41,425.01,16.34,40.33
1976,11,101.20,3.98,9.79,58.00,7.29,421.36,16.59,40.76
1976,12,104.70,4.05,9.91,58.20,6.87,434.44,16.80,41.12
1977,1,103.80,4.10,9.97,58.50,7.21,428.49,16.91,41.14
1977,2,101.00,4.14,10.02,59.10,7.39,412.70,16.93,40.96
1977,3,100.60,4.19,10.08,59.50,7.46,408.30,17.01,40.91
1977,4,99.05,4.25,10.19,60.00,7.37,398.66,17.09,41.03
1977,5,98.76,4.30,10.31,60.30,7.46,395.52,17.23,41.28
1977,6,99.29,4.36,10.42,60.70,7.28,395.02,17.35,41.46
1977,7,100.20,4.41,10.52,61.00,7.33,396.68,17.45,41.63
1977,8,97.75,4.45,10.61,61.20,7.40,385.72,17.57,41.88
1977,9,96.23,4.50,10.71,61.40,7.34,378.48,17.70,42.12
1977,10,93.74,4.56,10.77,61.60,7.52,367.49,17.86,42.22
1977,11,94.28,4.61,10.83,61.90,7.58,367.82,18.00,42.25
1977,12,93.82,4.67,10.89,62.10,7.69,364.84,18.16,42.35
1978,1,90.25,4.71,10.90,62.50,7.96,348.71,18.21,42.12
1978,2,88.98,4.76,10.91,62.90,8.03,341.62,18.26,41.89
1978,3,88.82,4.80,10.92,63.40,8.04,338.32,18.28,41.59
1978,4,92.71,4.84,11.02,63.90,8.15,350.37,18.28,41.66
1978,5,97.41,4.87,11.13,64.50,8.35,364.71,18.25,41.66
1978,6,97.66,4.91,11.23,65.20,8.46,361.72,18.19,41.59
1978,7,97.19,4.95,11.34,65.70,8.64,357.24,18.18,41.69
1978,8,103.90,4.98,11.46,66.00,8.41,380.17,18.23,41.92
1978,9,103.90,5.02,11.57,66.50,8.42,377.31,18.23,42.02
1978,10,100.60,5.04,11.82,67.10,8.64,362.06,18.13,42.55
1978,11,94.71,5.05,12.08,67.40,8.81,339.34,18.11,43.27
1978,12,96.11,5.07,12.33,67.70,9.01,342.83,18.09,43.98
1979,1,99.71,5.11,12.65,68.30,9.10,352.55,18.08,44.74
1979,2,98.23,5.16,12.98,69.10,9.10,343.30,18.02,45.35
1979,3,100.10,5.20,13.30,69.80,9.12,346.32,17.99,46.01
1979,4,102.10,5.25,13.53,70.60,9.18,349.24,17.95,46.27
1979,5,99.73,5.29,13.75,71.50,9.25,336.84,17.88,46.45
1979,6,101.70,5.34,13.98,72.30,8.91,339.69,17.84,46.69
1979,7,102.70,5.40,14.20,73.10,8.95,339.28,17.83,46.90
1979,8,107.40,5.45,14.41,73.80,9.03,351.44,17.84,47.16
1979,9,108.60,5.51,14.63,74.60,9.33,351.55,17.84,47.36
1979,10,104.50,5.56,14.71,75.20,10.30,335.58,17.84,47.23
1979,11,103.70,5.60,14.78,75.90,10.65,329.94,17.83,47.04
1979,12,107.80,5.65,14.86,76.70,10.39,339.41,17.79,46.79
1980,1,110.90,5.70,15.00,77.80,10.80,344.23,17.69,46.57
1980,2,115.30,5.75,15.15,78.90,12.41,352.90,17.60,46.36
1980,3,104.70,5.80,15.29,80.10,12.75,315.66,17.49,46.10
1980,4,103.00,5.85,15.17,81.00,11.47,307.08,17.43,45.24
1980,5,107.70,5.89,15.06,81.80,10.18,317.95,17.40,44.45
1980,6,114.60,5.94,14.94,82.70,9.78,334.64,17.35,43.63
1980,7,119.80,5.98,14.84,82.70,10.25,349.83,17.47,43.33
1980,8,123.50,6.03,14.74,83.30,11.10,358.03,17.47,42.73
1980,9,126.50,6.07,14.64,84.00,11.51,363.67,17.45,42.09
1980,10,130.20,6.10,14.70,84.80,11.75,370.78,17.37,41.86
1980,11,135.70,6.13,14.76,85.50,12.68,383.28,17.31,41.69
1980,12,133.50,6.16,14.82,86.30,12.84,373.57,17.24,41.47
1981,1,133.00,6.20,14.74,87.00,12.57,369.18,17.21,40.91
1981,2,128.40,6.24,14.66,87.90,13.19,352.76,17.14,40.28
1981,3,133.20,6.28,14.58,88.50,13.12,363.46,17.14,39.78
1981,4,134.40,6.32,14.72,89.10,13.68,364.27,17.12,39.91
1981,5,131.70,6.35,14.87,89.80,14.10,354.17,17.09,39.98
1981,6,132.30,6.39,15.01,90.60,13.47,352.64,17.03,40.01
1981,7,129.10,6.43,15.10,91.60,14.28,340.36,16.96,39.80
1981,8,129.60,6.48,15.18,92.30,14.94,339.08,16.95,39.73
1981,9,118.30,6.52,15.27,93.20,15.32,306.53,16.89,39.57
1981,10,119.80,6.56,15.30,93.40,15.15,309.75,16.95,39.56
1981,11,122.90,6.59,15.33,93.70,13.39,316.75,16.99,39.51
1981,12,123.80,6.63,15.36,94.00,13.72,318.05,17.03,39.46
1982,1,117.30,6.66,15.18,94.30,14.59,300.39,17.06,38.87
1982,2,114.50,6.69,14.99,94.60,14.43,292.29,17.08,38.27
1982,3,110.80,6.72,14.81,94.50,13.86,283.15,17.17,37.85
1982,4,116.30,6.75,14.60,94.90,13.87,295.95,17.18,37.14
1982,5,116.40,6.78,14.38,95.80,13.62,293.42,17.09,36.26
1982,6,109.70,6.81,14.17,97.00,14.30,273.11,16.95,35.28
1982,7,109.40,6.82,13.97,97.50,13.95,270.97,16.90,34.59
1982,8,109.70,6.84,13.76,97.70,13.06,271.15,16.90,34.02
1982,9,122.40,6.85,13.56,97.90,12.34,301.93,16.90,33.45
1982,10,132.70,6.86,13.25,98.20,10.91,326.33,16.86,32.59
1982,11,138.10,6.86,12.95,98.00,10.55,340.31,16.91,31.90
1982,12,139.40,6.87,12.64,97.60,10.54,344.92,17.00,31.28
1983,1,144.30,6.88,12.57,97.80,10.46,356.31,17.00,31.03
1983,2,146.80,6.90,12.49,97.90,10.72,362.11,17.01,30.82
1983,3,151.90,6.91,12.42,97.90,10.51,374.69,17.04,30.64
1983,4,157.70,6.92,12.48,98.60,10.40,386.24,16.95,30.56
1983,5,164.10,6.93,12.53,99.20,10.38,399.48,16.87,30.51
1983,6,166.40,6.94,12.59,99.50,10.85,403.86,16.84,30.56
1983,7,167.00,6.96,12.83,99.90,11.38,403.69,16.82,31.01
1983,8,162.40,6.98,13.06,100.20,11.85,391.40,16.82,31.48
1983,9,167.20,7.00,13.30,100.70,11.65,400.97,16.79,31.90
1983,10,167.70,7.03,13.54,101.00,11.54,400.97,16.81,32.38
1983,11,165.20,7.06,13.79,101.20,11.69,394.21,16.85,32.90
1983,12,164.40,7.09,14.03,101.30,11.83,391.92,16.90,33.45
1984,1,166.40,7.12,14.44,101.90,11.67,394.35,16.87,34.22
1984,2,157.30,7.15,14.85,102.40,11.84,370.96,16.86,35.02
1984,3,157.40,7.18,15.26,102.60,12.32,370.47,16.90,35.92
1984,4,157.60,7.22,15.57,103.10,12.63,369.15,16.92,36.48
1984,5,156.60,7.27,15.89,103.40,13.41,365.74,16.97,37.10
1984,6,153.10,7.31,16.20,103.70,13.56,356.53,17.02,37.73
1984,7,151.10,7.33,16.32,104.10,13.36,350.52,17.01,37.86
1984,8,164.40,7.36,16.44,104.50,12.72,379.92,17.00,37.99
1984,9,166.10,7.38,16.56,105.00,12.52,382.02,16.97,38.09
1984,10,164.80,7.43,16.59,105.30,12.16,377.95,17.04,38.04
1984,11,166.30,7.48,16.61,105.30,11.57,381.39,17.15,38.10
1984,12,164.50,7.53,16.64,105.30,11.50,377.26,17.27,38.16
1985,1,171.60,7.57,16.56,105.50,11.38,392.80,17.34,37.90
1985,2,180.90,7.62,16.47,106.00,11.51,412.13,17.35,37.53
1985,3,179.40,7.66,16.39,106.40,11.86,407.18,17.39,37.20
1985,4,180.60,7.69,16.13,106.90,11.43,407.98,17.36,36.44
1985,5,184.90,7.71,15.87,107.30,10.85,416.14,17.36,35.72
1985,6,188.90,7.74,15.61,107.60,10.16,423.96,17.37,35.03
1985,7,192.50,7.77,15.48,107.80,10.31,431.23,17.41,34.69
1985,8,188.30,7.81,15.36,108.00,10.33,421.04,17.46,34.34
1985,9,184.10,7.84,15.23,108.30,10.37,410.51,17.48,33.96
1985,10,186.20,7.86,15.02,108.70,10.24,413.67,17.46,33.38
1985,11,197.50,7.88,14.82,109.00,9.78,437.56,17.46,32.83
1985,12,207.30,7.90,14.61,109.30,9.26,458.02,17.45,32.28
1986,1,208.20,7.94,14.58,109.60,9.19,458.75,17.49,32.13
1986,2,219.40,7.98,14.55,109.30,8.70,484.75,17.63,32.15
1986,3,232.30,8.02,14.52,108.80,7.78,515.61,17.80,32.23
1986,4,238.00,8.05,14.58,108.60,7.30,529.23,17.89,32.43
1986,5,238.50,8.07,14.65,108.90,7.71,528.89,17.90,32.48
1986,6,245.30,8.10,14.71,109.50,7.80,540.98,17.86,32.44
1986,7,240.20,8.14,14.76,109.50,7.30,529.74,17.96,32.54
1986,8,245.00,8.19,14.80,109.70,7.17,539.34,18.02,32.59
1986,9,238.30,8.23,14.85,110.20,7.45,522.21,18.04,32.54
1986,10,237.40,8.25,14.73,110.30,7.43,519.76,18.06,32.24
1986,11,245.10,8.26,14.60,110.40,7.25,536.14,18.08,31.94
1986,12,248.60,8.28,14.48,110.50,7.11,543.30,18.10,31.65
1987,1,264.50,8.30,14.69,111.20,7.08,574.41,18.02,31.89
1987,2,280.90,8.32,14.89,111.60,7.25,607.84,18.00,32.23
1987,3,292.50,8.34,15.10,112.10,7.25,630.12,17.97,32.53
1987,4,289.30,8.40,14.87,112.70,8.02,619.91,18.00,31.87
1987,5,289.10,8.46,14.65,113.10,8.61,617.29,18.06,31.27
1987,6,301.40,8.52,14.42,113.50,8.40,641.28,18.13,30.68
1987,7,310.10,8.57,14.90,113.80,8.45,658.05,18.18,31.62
1987,8,329.40,8.61,15.38,114.40,8.76,695.34,18.18,32.47
1987,9,318.70,8.66,15.86,115.00,9.42,669.25,18.19,33.30
1987,10,280.20,8.71,16.41,115.30,9.52,586.87,18.24,34.36
1987,11,245.00,8.76,16.95,115.40,8.86,512.70,18.33,35.48
1987,12,241.00,8.81,17.50,115.40,8.99,504.33,18.44,36.62
1988,1,250.50,8.86,17.86,115.70,8.67,522.85,18.49,37.28
1988,2,258.10,8.90,18.23,116.00,8.21,537.32,18.54,37.94
1988,3,265.70,8.95,18.59,116.50,8.37,550.77,18.55,38.53
1988,4,262.60,9.04,19.62,117.10,8.72,541.55,18.65,40.45
1988,5,256.10,9.14,20.64,117.50,9.09,526.35,18.78,42.43
1988,6,270.70,9.23,21.67,118.00,8.92,554.00,18.89,44.35
1988,7,269.10,9.31,22.02,118.50,9.06,548.40,18.97,44.88
1988,8,263.70,9.38,22.38,119.00,9.26,535.14,19.04,45.41
1988,9,268.00,9.46,22.73,119.80,8.98,540.23,19.07,45.82
1988,10,277.40,9.55,23.07,120.20,8.80,557.32,19.19,46.36
1988,11,271.00,9.64,23.42,120.30,8.96,544.01,19.35,47.01
1988,12,276.50,9.75,23.75,120.50,9.11,554.13,19.54,47.60
1989,1,285.40,9.81,24.16,121.10,9.09,569.13,19.57,48.18
1989,2,294.00,9.90,24.56,121.60,9.17,583.87,19.65,48.77
1989,3,292.70,10.01,24.96,122.30,9.36,577.96,19.77,49.29
1989,4,302.30,10.09,25.05,123.10,9.18,593.04,19.79,49.14
1989,5,313.90,10.19,25.13,123.80,8.86,612.31,19.88,49.03
1989,6,323.70,10.37,25.22,124.10,8.28,629.90,20.18,49.08
1989,7,331.90,10.42,24.71,124.40,8.02,644.30,20.23,47.97
1989,8,346.60,10.55,24.20,124.60,8.11,671.76,20.44,46.90
1989,9,347.30,10.73,23.69,125.00,8.19,670.96,20.73,45.77
1989,10,347.40,10.80,23.43,125.60,8.01,667.95,20.76,45.04
1989,11,340.20,10.92,23.16,125.90,7.87,652.54,20.95,44.43
1989,12,348.60,11.06,22.87,126.10,7.84,667.60,21.18,43.80
1990,1,339.97,11.14,22.49,127.40,8.21,644.43,21.12,42.63
1990,2,330.45,11.23,22.08,128.00,8.47,623.44,21.19,41.66
1990,3,338.46,11.32,21.67,128.70,8.59,635.08,21.24,40.66
1990,4,338.18,11.44,21.53,128.90,8.79,633.57,21.43,40.34
1990,5,350.25,11.55,21.40,129.20,8.76,654.66,21.59,39.99
1990,6,360.39,11.66,21.26,129.90,8.48,669.98,21.68,39.52
1990,7,360.03,11.73,21.42,130.40,8.47,666.75,21.72,39.67
1990,8,330.75,11.78,21.58,131.60,8.75,606.94,21.62,39.60
1990,9,315.41,11.83,21.74,132.70,8.89,573.99,21.53,39.56
1990,10,307.12,11.93,21.61,133.50,8.72,555.56,21.57,39.08
1990,11,315.29,12.01,21.47,133.80,8.39,569.06,21.68,38.76
1990,12,328.75,12.09,21.34,133.80,8.08,593.35,21.82,38.52
1991,1,325.49,12.11,21.18,134.60,8.09,583.97,21.72,38.01
1991,2,362.26,12.11,21.03,134.80,7.85,648.98,21.70,37.67
1991,3,372.28,12.11,20.94,135.00,8.11,665.94,21.66,37.46
1991,4,379.68,12.13,20.36,135.20,8.04,678.18,21.67,36.37
1991,5,377.99,12.14,19.86,135.60,8.07,673.17,21.62,35.36
1991,6,378.29,12.15,19.41,136.00,8.28,671.72,21.57,34.47
1991,7,380.23,12.19,18.84,136.20,8.27,674.17,21.62,33.40
1991,8,389.40,12.24,18.33,136.60,7.90,688.41,21.63,32.41
1991,9,387.20,12.28,17.82,137.20,7.65,681.53,21.61,31.37
1991,10,386.88,12.25,17.20,137.40,7.53,679.97,21.54,30.24
1991,11,385.92,12.23,16.59,137.80,7.42,676.32,21.43,29.07
1991,12,388.51,12.20,15.97,137.90,7.09,680.36,21.36,27.97
1992,1,416.08,12.24,16.05,138.10,7.03,727.59,21.40,28.06
1992,2,412.56,12.28,16.12,138.60,7.34,718.83,21.40,28.09
1992,3,407.36,12.32,16.19,139.30,7.54,706.20,21.36,28.07
1992,4,407.41,12.32,16.48,139.50,7.48,705.28,21.33,28.53
1992,5,414.81,12.32,16.77,139.70,7.39,717.06,21.30,28.98
1992,6,408.27,12.32,17.05,140.20,7.26,703.24,21.22,29.37
1992,7,415.05,12.34,17.38,140.50,6.84,713.39,21.22,29.87
1992,8,417.93,12.37,17.71,140.90,6.59,716.30,21.20,30.35
1992,9,418.48,12.40,18.04,141.30,6.42,715.21,21.19,30.83
1992,10,412.50,12.39,18.39,141.80,6.59,702.50,21.10,31.32
1992,11,422.84,12.38,18.74,142.00,6.87,719.10,21.06,31.87
1992,12,435.64,12.39,19.09,141.90,6.77,741.39,21.09,32.49
1993,1,435.23,12.41,19.34,142.60,6.60,737.06,21.02,32.75
1993,2,441.70,12.45,19.59,143.10,6.26,745.40,21.00,33.06
1993,3,450.16,12.48,19.84,143.60,5.98,757.03,20.99,33.36
1993,4,443.08,12.49,19.67,144.00,5.97,743.06,20.95,32.99
1993,5,445.25,12.51,19.50,144.20,6.04,745.66,20.94,32.66
1993,6,448.06,12.52,19.33,144.40,5.96,749.33,20.94,32.33
1993,7,447.29,12.52,19.69,144.40,5.81,748.04,20.94,32.93
1993,8,454.13,12.52,20.05,144.80,5.68,757.38,20.88,33.44
1993,9,459.24,12.52,20.41,145.10,5.36,764.32,20.84,33.97
1993,10,463.90,12.54,20.90,145.70,5.33,768.89,20.78,34.64
1993,11,462.89,12.56,21.39,145.80,5.72,766.69,20.80,35.43
1993,12,465.95,12.58,21.89,145.80,5.77,771.76,20.84,36.26
1994,1,472.99,12.62,22.16,146.20,5.75,781.28,20.85,36.60
1994,2,471.58,12.67,22.43,146.70,5.97,776.29,20.85,36.93
1994,3,463.81,12.71,22.71,147.20,6.48,760.91,20.85,37.26
1994,4,447.23,12.75,23.54,147.40,6.97,732.71,20.89,38.57
1994,5,450.90,12.80,24.37,147.50,7.18,738.23,20.95,39.90
1994,6,454.83,12.84,25.20,148.00,7.10,742.15,20.95,41.12
1994,7,451.40,12.87,25.91,148.40,7.30,734.56,20.94,42.16
1994,8,464.24,12.90,26.62,149.00,7.24,752.42,20.91,43.14
1994,9,466.96,12.92,27.33,149.40,7.46,754.80,20.88,44.18
1994,10,463.81,13.01,28.42,149.50,7.74,749.20,21.02,45.91
1994,11,461.01,13.10,29.51,149.70,7.96,743.69,21.13,47.60
1994,12,455.19,13.17,30.60,149.70,7.81,734.30,21.25,49.36
1995,1,465.25,13.18,31.25,150.30,7.78,747.53,21.18,50.21
1995,2,481.92,13.18,31.90,150.90,7.47,771.24,21.09,51.05
1995,3,493.15,13.17,32.55,151.40,7.20,786.60,21.01,51.92
1995,4,507.91,13.24,33.18,151.90,7.06,807.48,21.05,52.74
1995,5,523.81,13.31,33.80,152.20,6.63,831.11,21.11,53.63
1995,6,539.35,13.36,34.43,152.50,6.17,854.09,21.16,54.52
1995,7,557.37,13.44,34.68,152.50,6.28,882.62,21.28,54.92
1995,8,559.11,13.51,34.93,152.90,6.49,883.06,21.34,55.17
1995,9,578.77,13.58,35.18,153.20,6.20,912.32,21.41,55.45
1995,10,582.92,13.65,34.77,153.70,6.04,915.88,21.45,54.64
1995,11,595.53,13.72,34.37,153.60,5.93,936.30,21.57,54.03
1995,12,614.57,13.79,33.96,153.50,5.71,966.86,21.69,53.43
1996,1,614.42,13.89,33.99,154.40,5.65,960.99,21.73,53.16
1996,2,649.54,14.00,34.01,154.90,5.81,1012.64,21.82,53.03
1996,3,647.07,14.10,34.04,155.70,6.27,1003.61,21.87,52.80
1996,4,647.17,14.16,34.33,156.30,6.51,999.91,21.87,53.04
1996,5,661.23,14.21,34.62,156.60,6.74,1019.68,21.92,53.39
1996,6,668.50,14.27,34.91,156.70,6.91,1030.23,21.99,53.80
1996,7,644.07,14.40,35.27,157.00,6.87,990.68,22.15,54.26
1996,8,662.68,14.53,35.64,157.30,6.64,1017.36,22.31,54.71
1996,9,674.88,14.66,36.00,157.80,6.83,1032.81,22.44,55.09
1996,10,701.46,14.74,36.91,158.30,6.53,1070.10,22.49,56.31
1996,11,735.67,14.82,37.82,158.60,6.20,1120.16,22.57,57.59
1996,12,743.25,14.90,38.73,158.60,6.30,1131.70,22.69,58.97
1997,1,766.22,14.95,39.23,159.10,6.58,1163.01,22.70,59.55
1997,2,798.39,15.01,39.74,159.60,6.42,1208.05,22.71,60.13
1997,3,792.16,15.06,40.24,160.00,6.69,1195.62,22.73,60.74
1997,4,763.93,15.09,40.34,160.20,6.89,1151.58,22.75,60.81
1997,5,833.09,15.13,40.45,160.10,6.71,1256.61,22.82,61.01
1997,6,876.29,15.16,40.55,160.30,6.49,1320.13,22.84,61.09
1997,7,925.29,15.22,40.58,160.50,6.22,1392.21,22.90,61.06
1997,8,927.24,15.27,40.61,160.80,6.30,1392.54,22.94,60.99
1997,9,937.02,15.33,40.64,161.20,6.21,1403.74,22.97,60.88
1997,10,951.16,15.39,40.33,161.60,6.03,1421.39,22.99,60.27
1997,11,938.92,15.44,40.03,161.50,5.88,1403.97,23.09,59.85
1997,12,962.37,15.50,39.72,161.30,5.81,1440.82,23.21,59.47
1998,1,963.36,15.55,39.66,161.60,5.54,1439.62,23.24,59.27
1998,2,1023.74,15.60,39.60,161.90,5.57,1527.02,23.27,59.07
1998,3,1076.83,15.64,39.54,162.20,5.65,1603.24,23.29,58.87
1998,4,1112.20,15.75,39.35,162.50,5.64,1652.84,23.41,58.48
1998,5,1108.42,15.85,39.16,162.80,5.65,1644.19,23.51,58.09
1998,6,1108.39,15.95,38.97,163.00,5.50,1642.13,23.63,57.74
1998,7,1156.58,16.02,38.68,163.20,5.46,1711.42,23.70,57.23
1998,8,1074.62,16.08,38.38,163.40,5.34,1588.20,23.77,56.73
1998,9,1020.64,16.14,38.09,163.60,4.81,1506.57,23.82,56.22
1998,10,1032.47,16.17,37.96,164.00,4.53,1520.32,23.81,55.90
1998,11,1144.43,16.18,37.84,164.00,4.83,1685.18,23.83,55.71
1998,12,1190.05,16.20,37.71,163.90,4.65,1753.43,23.87,55.56
1999,1,1248.77,16.28,37.93,164.30,4.72,1835.47,23.93,55.76
1999,2,1246.58,16.37,38.16,164.50,5.00,1830.02,24.03,56.02
1999,3,1281.66,16.45,38.38,165.00,5.23,1875.82,24.08,56.17
1999,4,1334.76,16.45,39.26,166.20,5.18,1939.43,23.90,57.05
1999,5,1332.07,16.45,40.14,166.20,5.54,1935.52,23.90,58.32
1999,6,1322.55,16.45,41.02,166.20,5.90,1921.69,23.90,59.60
1999,7,1380.99,16.51,42.00,166.70,5.79,2000.58,23.92,60.84
1999,8,1327.49,16.58,42.98,167.10,5.94,1918.48,23.96,62.11
1999,9,1318.17,16.64,43.96,167.90,5.92,1895.93,23.93,63.23
1999,10,1300.01,16.66,45.36,168.20,6.11,1866.47,23.91,65.13
1999,11,1391.00,16.67,46.77,168.30,6.03,1995.93,23.92,67.10
1999,12,1428.68,16.69,48.17,168.30,6.28,2049.99,23.95,69.12
2000,1,1425.59,16.71,49.10,168.80,6.66,2039.50,23.91,70.24
2000,2,1388.87,16.74,50.02,169.80,6.52,1975.26,23.80,71.14
2000,3,1442.21,16.76,50.95,171.20,6.26,2034.35,23.64,71.87
2000,4,1461.36,16.74,51.27,171.30,5.99,2060.16,23.60,72.28
2000,5,1418.48,16.72,51.60,171.50,6.44,1997.38,23.54,72.65
2000,6,1461.96,16.70,51.92,172.40,6.10,2047.86,23.39,72.73
2000,7,1473.00,16.58,52.51,172.80,6.05,2058.55,23.18,73.39
2000,8,1485.46,16.47,53.11,172.80,5.83,2075.96,23.01,74.22
2000,9,1468.05,16.35,53.70,173.70,5.80,2041.00,22.73,74.66
2000,10,1390.14,16.32,52.47,174.00,5.74,1929.35,22.65,72.82
2000,11,1378.04,16.30,51.23,174.10,5.72,1911.46,22.60,71.06
2000,12,1330.93,16.27,50.00,174.00,5.24,1847.17,22.58,69.39
2001,1,1335.63,16.17,48.48,175.10,5.16,1842.05,22.30,66.86
2001,2,1305.75,16.07,46.96,175.80,5.10,1793.67,22.07,64.51
2001,3,1185.85,15.97,45.44,176.20,4.89,1625.27,21.89,62.28
2001,4,1189.84,15.88,42.56,176.90,5.14,1624.28,21.67,58.10
2001,5,1270.37,15.78,39.67,177.70,5.39,1726.41,21.45,53.92
2001,6,1238.71,15.69,36.79,178.00,5.28,1680.55,21.29,49.91
2001,7,1204.45,15.71,33.96,177.50,5.24,1638.67,21.37,46.21
2001,8,1178.50,15.72,31.14,177.50,4.97,1603.37,21.39,42.36
2001,9,1044.64,15.74,28.31,178.30,4.73,1414.87,21.32,38.34
2001,10,1076.59,15.74,27.10,177.70,4.57,1463.07,21.39,36.83
2001,11,1129.68,15.74,25.90,177.40,4.65,1537.81,21.43,35.25
2001,12,1144.93,15.74,24.69,176.70,5.09,1564.75,21.51,33.74
2002,1,1140.21,15.74,24.69,177.10,5.04,1554.78,21.46,33.67
2002,2,1100.67,15.73,24.70,177.80,4.91,1494.95,21.37,33.54
2002,3,1153.79,15.73,24.70,178.80,5.28,1558.33,21.25,33.36
2002,4,1111.93,15.83,25.38,179.80,5.21,1493.44,21.27,34.09
2002,5,1079.25,15.94,26.06,179.80,5.16,1449.55,21.40,35.00
2002,6,1014.02,16.04,26.74,179.90,4.93,1361.18,21.53,35.89
2002,7,903.59,15.96,27.84,180.10,4.65,1211.60,21.40,37.33
2002,8,912.55,15.88,28.94,180.70,4.26,1219.55,21.22,38.68
2002,9,867.81,15.80,30.04,181.00,3.87,1157.84,21.08,40.08
2002,10,854.63,15.89,29.22,181.30,3.94,1138.37,21.17,38.93
2002,11,909.93,15.98,28.41,181.30,4.05,1212.03,21.29,37.84
2002,12,899.18,16.07,27.59,180.90,4.03,1200.35,21.45,36.83
2003,1,895.84,16.12,28.50,181.70,4.05,1190.63,21.42,37.88
2003,2,837.03,16.17,29.41,183.10,3.90,1103.96,21.33,38.79
2003,3,846.63,16.22,30.32,184.20,3.81,1109.96,21.26,39.75
2003,4,890.03,16.20,31.73,183.80,3.96,1169.39,21.29,41.69
2003,5,935.96,16.19,33.14,183.50,3.57,1231.75,21.30,43.61
2003,6,988.00,16.17,34.55,183.70,3.33,1298.82,21.26,45.42
2003,7,992.54,16.31,35.89,183.90,3.98,1303.37,21.42,47.13
2003,8,989.53,16.45,37.24,184.60,4.45,1294.49,21.52,48.71
2003,9,1019.44,16.59,38.58,185.20,4.27,1329.30,21.63,50.31
2003,10,1038.73,16.86,41.97,185.00,4.29,1355.91,22.00,54.78
2003,11,1049.90,17.12,45.35,184.50,4.30,1374.21,22.41,59.36
2003,12,1080.64,17.39,48.74,184.30,4.27,1415.98,22.79,63.86
2004,1,1132.52,17.60,49.83,185.20,4.15,1476.75,22.95,64.97
2004,2,1143.36,17.81,50.91,186.20,4.08,1482.88,23.10,66.03
2004,3,1123.98,18.02,52.00,187.40,3.83,1448.41,23.22,67.01
2004,4,1133.36,18.21,53.38,188.00,4.35,1455.83,23.40,68.57
2004,5,1102.78,18.41,54.77,189.10,4.72,1408.31,23.51,69.94
2004,6,1132.76,18.60,56.15,189.70,4.73,1442.02,23.68,71.48
2004,7,1105.85,18.79,56.69,189.40,4.50,1410.00,23.95,72.28
2004,8,1088.94,18.97,57.23,189.50,4.28,1387.70,24.18,72.93
2004,9,1117.66,19.16,57.77,189.90,4.13,1421.30,24.37,73.46
2004,10,1117.21,19.25,58.03,190.90,4.10,1413.29,24.36,73.41
2004,11,1168.94,19.35,58.29,191.00,4.19,1477.95,24.46,73.70
2004,12,1199.21,19.44,58.55,190.30,4.23,1521.80,24.67,74.30
2005,1,1181.41,19.70,59.11,190.70,4.22,1496.07,24.95,74.85
2005,2,1199.63,19.97,59.66,191.80,4.17,1510.43,25.14,75.12
2005,3,1194.90,20.23,60.22,193.30,4.50,1492.80,25.27,75.23
2005,4,1164.43,20.46,61.23,194.60,4.34,1445.01,25.39,75.99
2005,5,1178.28,20.70,62.25,194.40,4.14,1463.71,25.71,77.33
2005,6,1202.25,20.93,63.26,194.50,4.00,1492.71,25.99,78.54
2005,7,1222.24,21.11,64.33,195.40,4.18,1510.54,26.09,79.50
2005,8,1224.27,21.29,65.40,196.40,4.26,1505.35,26.18,80.42
2005,9,1225.92,21.47,66.47,198.80,4.20,1489.18,26.08,80.74
2005,10,1191.96,21.72,67.59,199.20,4.46,1445.02,26.33,81.94
2005,11,1237.37,21.97,68.71,197.60,4.54,1512.22,26.85,83.97
2005,12,1262.07,22.22,69.83,196.80,4.47,1548.67,27.27,85.69
2006,1,1278.73,22.41,70.78,198.30,4.42,1557.25,27.29,86.19
2006,2,1276.65,22.59,71.72,198.70,4.57,1551.58,27.46,87.17
2006,3,1293.74,22.78,72.67,199.80,4.72,1563.70,27.53,87.83
2006,4,1302.17,23.00,73.28,201.50,4.99,1560.61,27.56,87.82
2006,5,1290.01,23.22,73.88,202.50,5.11,1538.40,27.69,88.11
2006,6,1253.17,23.44,74.49,202.90,5.11,1491.52,27.90,88.66
2006,7,1260.24,23.66,75.85,203.50,5.09,1495.51,28.08,90.01
2006,8,1287.15,23.88,77.21,203.90,4.88,1524.45,28.28,91.44
2006,9,1317.74,24.10,78.57,202.90,4.72,1568.37,28.68,93.51
2006,10,1363.38,24.36,79.55,201.80,4.73,1631.54,29.15,95.20
2006,11,1388.64,24.62,80.53,201.50,4.60,1664.24,29.51,96.51
2006,12,1416.42,24.88,81.51,201.80,4.56,1695.01,29.77,97.54
2007,1,1424.16,25.08,82.06,202.416,4.76,1699.09,29.93,97.90
2007,2,1444.80,25.29,82.60,203.499,4.72,1714.54,30.01,98.02
2007,3,1406.95,25.49,83.15,205.352,4.56,1654.55,29.98,97.78
2007,4,1463.64,25.72,83.74,206.686,4.69,1710.11,30.05,97.84
2007,5,1511.14,25.94,84.33,207.949,4.75,1754.89,30.13,97.93
2007,6,1514.19,26.17,84.92,208.352,5.10,1755.03,30.33,98.43
2007,7,1520.71,26.44,82.81,208.299,5.00,1763.03,30.65,96.01
2007,8,1454.62,26.71,80.71,207.917,4.67,1689.51,31.02,93.74
2007,9,1497.12,26.98,78.60,208.49,4.52,1734.09,31.25,91.04
2007,10,1539.66,27.23,74.46,208.936,4.53,1779.56,31.47,86.06
2007,11,1463.39,27.48,70.32,210.177,4.15,1681.42,31.57,80.80
2007,12,1479.22,27.73,66.18,210.036,4.10,1700.75,31.88,76.09
2008,1,1378.76,27.92,64.25,211.08,3.74,1577.40,31.94,73.51
2008,2,1354.87,28.11,62.32,211.693,3.74,1545.58,32.07,71.09
2008,3,1316.94,28.3,60.39,213.528,3.51,1489.40,32.01,68.30
2008,4,1370.47,28.44,57.38,214.823,3.68,1540.60,31.97,64.51
2008,5,1403.22,28.57,54.38,216.632,3.88,1564.24,31.85,60.62
2008,6,1341.25,28.71,51.37,218.815,4.10,1480.25,31.69,56.69
2008,7,1257.33,28.76,49.56,219.964,4.01,1380.38,31.57,54.41
2008,8,1281.47,28.80,47.76,219.086,3.89,1412.52,31.75,52.64
2008,9,1216.95,28.85,45.95,218.783,3.69,1343.26,31.84,50.72
2008,10,968.8,28.70,35.59,216.573,3.81,1080.27,32.00,39.69
2008,11,883.04,28.54,25.24,212.425,3.53,1003.87,32.45,28.69
2008,12,877.56,28.39,14.88,210.228,2.42,1008.06,32.61,17.09
2009,1,865.58,28.01,12.21,211.143,2.52,989.99,32.04,13.96
2009,2,805.23,27.64,9.53,212.193,2.87,916.41,31.45,10.85
2009,3,757.13,27.26,6.86,212.709,2.82,859.58,30.95,7.79
2009,4,848.15,26.70,7.08,213.24,2.93,960.52,30.24,8.01
2009,5,902.41,26.15,7.29,213.856,3.29,1019.02,29.53,8.24
2009,6,926.12,25.59,7.51,215.693,3.72,1036.89,28.65,8.41
2009,7,935.82,25.03,9.19,215.351,3.56,1049.41,28.06,10.30
2009,8,1009.73,24.46,10.86,215.834,3.59,1129.76,27.37,12.15
2009,9,1044.55,23.9,12.54,215.969,3.4,1167.99,26.72,14.02
2009,10,1067.66,23.40,25.35,216.177,3.39,1192.68,26.14,28.32
2009,11,1088.07,22.91,38.16,216.33,3.4,1214.62,25.57,42.60
2009,12,1110.38,22.41,50.97,215.949,3.59,1241.71,25.06,57.00
2010,1,1123.58,22.24,54.29,216.687,3.73,1252.20,24.79,60.50
2010,2,1089.16,22.07,57.61,216.741,3.69,1213.53,24.59,64.19
2010,3,1152.05,21.9,60.93,217.631,3.73,1278.36,24.30,67.61
2010,4,1197.32,21.95,62.99,218.009,3.85,1326.29,24.31,69.77
2010,5,1125.06,21.99,65.04,218.178,3.42,1245.28,24.34,71.99
2010,6,1083.36,22.04,67.1,217.965,3.2,1200.29,24.42,74.34
2010,7,1079.8,22.14,68.69,218.011,3.01,1196.10,24.53,76.08
2010,8,1087.28,22.25,70.27,218.312,2.7,1202.72,24.61,77.73
2010,9,1122.08,22.35,71.86,218.439,2.65,1240.50,24.71,79.44
2010,10,1171.58,22.48,73.69,218.711,2.54,1293.61,24.82,81.37
2010,11,1198.89,22.60,75.52,218.803,2.76,1323.21,24.95,83.35
2010,12,1241.53,22.73,77.35,219.179,3.29,1367.92,25.04,85.22
2011,1,1282.62,22.96,78.67,220.223,3.39,1406.49,25.18,86.27
2011,2,1321.12,23.20,79.99,221.309,3.58,1441.60,25.31,87.28
2011,3,1304.49,23.43,81.31,223.467,3.41,1409.71,25.32,87.87
2011,4,1331.51,23.73,82.16,224.906,3.46,1429.70,25.48,88.22
2011,5,1338.31,24.04,83.02,225.964,3.17,1430.27,25.69,88.72
2011,6,1287.29,24.34,83.87,225.722,3,1377.22,26.04,89.73
2011,7,1325.19,24.62,84.91,225.922,3,1416.51,26.32,90.76
2011,8,1185.31,24.90,85.94,226.545,2.3,1263.51,26.54,91.61
2011,9,1173.88,25.18,86.98,226.889,1.98,1249.43,26.80,92.58
2011,10,1207.22,25.60,86.97,226.421,2.15,1287.57,27.30,92.76
2011,11,1226.42,26.01,86.96,226.23,2.01,1309.15,27.77,92.83
2011,12,1243.32,26.43,86.95,225.672,1.98,1330.47,28.28,93.05
2012,1,1300.58,26.74,87.48,226.665,1.97,1385.65,28.49,93.20
2012,2,1352.49,27.04,88.01,227.663,1.97,1434.64,28.69,93.36
2012,3,1389.24,27.35,88.54,229.392,2.17,1462.52,28.79,93.21
2012,4,1386.43,27.67,88.33,230.085,2.05,1455.16,29.05,92.71
2012,5,1341.27,28.00,88.13,229.815,1.8,1409.42,29.42,92.60
2012,6,1323.48,28.32,87.92,229.478,1.62,1392.76,29.80,92.52
2012,7,1359.78,28.74,87.45,229.104,1.53,1433.30,30.30,92.17
2012,8,1403.45,29.17,86.97,230.379,1.68,1471.14,30.57,91.17
2012,9,1443.42,29.59,86.5,231.407,1.72,1506.32,30.88,90.27
2012,10,1437.82,30.14,86.50,231.317,1.75,1501.06,31.47,90.31
2012,11,1394.51,30.70,86.51,230.221,1.65,1462.78,32.20,90.74
2012,12,1422.29,31.25,86.51,229.601,1.72,1495.95,32.87,90.99
2013,1,1480.4,31.54,86.91,230.28,1.91,1552.47,33.07,91.14
2013,2,1512.31,31.82,87.30,232.166,1.98,1573.05,33.10,90.81
2013,3,1550.83,32.11,87.7,232.773,1.96,1608.91,33.31,90.98
2013,4,1570.7,32.50,88.78,232.531,1.76,1631.22,33.75,92.20
2013,5,1639.84,32.88,89.87,232.945,1.93,1700.00,34.09,93.16
2013,6,1618.77,33.27,90.95,233.504,2.3,1674.14,34.41,94.06
2013,7,1668.68,33.65,92.09,233.596,2.58,1725.08,34.78,95.20
2013,8,1670.09,34.02,93.23,233.877,2.74,1724.46,35.13,96.27
2013,9,1687.17,34.4,94.37,234.149,2.81,1740.07,35.48,97.33
2013,10,1720.03,34.60,96.31,233.546,2.62,1778.55,35.77,99.59
2013,11,1783.54,34.79,98.26,233.069,2.72,1847.99,36.05,101.81
2013,12,1807.78,34.99,100.2,233.049,2.9,1873.27,36.26,103.83
2014,1,1822.36,35.40,100.42,233.916,2.86,1881.38,36.55,103.67
2014,2,1817.04,35.82,100.63,234.781,2.71,1868.97,36.84,103.51
2014,3,1863.52,36.23,100.85,236.293,2.72,1904.52,37.03,103.07
2014,4,1864.26,36.61,101.61,237.072,2.71,1899.01,37.30,103.50
2014,5,1889.77,37.00,102.36,237.9,2.56,1918.30,37.56,103.91
2014,6,1947.09,37.38,103.12,238.343,2.6,1972.81,37.87,104.48
2014,7,1973.1,37.75,104.07,238.25,2.54,1999.94,38.26,105.48
2014,8,1961.53,38.12,105.01,237.852,2.42,1991.54,38.70,106.62
2014,9,1993.23,38.49,105.96,238.031,2.53,2022.21,39.05,107.50
2014,10,1937.27,38.81,104.74,237.433,2.3,1970.38,39.47,106.53
2014,11,2044.57,39.12,103.53,236.151,2.33,2090.81,40.01,105.87
2014,12,2054.27,39.44,102.31,234.812,2.21,2112.70,40.56,105.22
2015,1,2028.18,39.90,101.29,233.707,1.88,2095.73,41.23,104.66
2015,2,2082.2,40.35,100.27,234.722,1.98,2142.25,41.52,103.16
2015,3,2079.99,40.81,99.25,236.119,2.04,2127.31,41.74,101.51
2015,4,2094.86,41.12,97.80,236.599,1.94,2138.18,41.97,99.83
2015,5,2111.94,41.43,96.36,237.805,2.2,2144.68,42.07,97.85
2015,6,2099.29,41.74,94.91,238.638,2.36,2124.39,42.24,96.04
2015,7,2094.14,42.00,93.49,238.654,2.32,2119.04,42.50,94.60
2015,8,2039.87,42.25,92.08,238.316,2.17,2067.05,42.82,93.30
2015,9,1944.41,42.51,90.66,237.945,2.17,1973.39,43.14,92.01
2015,10,2024.81,42.80,89.28,237.838,2.07,2055.91,43.46,90.65
2015,11,2080.62,43.10,87.91,237.336,2.26,2117.05,43.85,89.45
2015,12,2054.08,43.39,86.53,236.525,2.24,2097.21,44.30,88.35
2016,1,1918.6,43.55,86.50,236.916,2.09,1955.65,44.39,88.17
2016,2,1904.42,43.72,86.47,237.111,1.78,1939.60,44.52,88.07
2016,3,2021.95,43.88,86.44,238.132,1.89,2050.47,44.50,87.66
2016,4,2075.54,44.07,86.60,239.261,1.81,2094.89,44.48,87.41
2016,5,2065.55,44.27,86.76,240.229,1.81,2076.40,44.50,87.22
2016,6,2083.89,44.46,86.92,241.018,1.64,2087.98,44.55,87.09
2016,7,2148.9,44.65,87.64,240.628,1.5,2156.61,44.81,87.96
2016,8,2170.95,44.84,88.37,240.849,1.56,2176.74,44.96,88.60
2016,9,2157.69,45.03,89.09,241.428,1.63,2158.26,45.04,89.11
2016,10,2143.02,45.25,,241.729,1.76,2140.91,45.21,
2016,11,2164.99,45.48,,241.353,2.14,2166.23,45.50,
2016,12,2246.63,45.7,,241.432,2.49,2247.18,45.71,
