Date,Real Price,Real Dividend,Real Earnings
1871.01,85.88,5.03,7.74
1871.02,84.46,4.88,7.51
1871.03,85.26,4.81,7.40
1871.04,90.98,4.99,7.68
1871.05,95.46,5.11,7.86
1871.06,96.16,5.19,7.98
1871.07,94.37,5.19,7.98
1871.08,97.09,5.27,8.11
1871.09,95.81,5.15,7.92
1871.10,89.46,5.07,7.80
1871.11,90.43,5.07,7.80
1871.12,90.30,4.95,7.62
1872.01,92.58,5.02,7.67
1872.02,92.97,5.08,7.72
1872.03,94.59,5.07,7.65
1872.04,95.11,5.02,7.53
1872.05,95.11,5.08,7.57
1872.06,94.88,5.18,7.68
1872.07,95.72,5.32,7.84
1872.08,93.90,5.34,7.82
1872.09,91.55,5.36,7.81
1872.10,93.97,5.55,8.04
1872.11,90.88,5.45,7.85
1872.12,94.46,5.59,8.01
1873.01,95.20,5.64,8.06
1873.02,93.87,5.56,7.93
1873.03,93.15,5.61,7.97
1873.04,91.87,5.65,8.02
1873.05,94.08,5.82,8.24
1873.06,95.59,6.05,8.54
1873.07,95.40,6.09,8.59
1873.08,95.40,6.14,8.64
1873.09,88.10,6.19,8.69
1873.10,82.30,6.38,8.94
1873.11,81.89,6.64,9.27
1873.12,87.49,6.53,9.11
1874.01,90.82,6.43,8.97
1874.02,93.55,6.43,8.97
1874.03,92.19,6.43,8.97
1874.04,91.05,6.53,9.11
1874.05,89.38,6.58,9.18
1874.06,91.13,6.74,9.40
1874.07,90.40,6.69,9.32
1874.08,91.34,6.74,9.40
1874.09,92.77,6.74,9.40
1874.10,94.08,6.85,9.55
1874.11,95.69,6.91,9.63
1874.12,95.07,6.91,9.63
1875.01,95.07,6.86,9.46
1875.02,94.86,6.81,9.28
1875.03,96.11,6.75,9.11
1875.04,96.57,6.65,8.86
1875.05,95.17,6.76,8.91
1875.06,94.85,6.82,8.88
1875.07,95.07,6.77,8.70
1875.08,94.69,6.66,8.44
1875.09,94.63,6.66,8.34
1875.10,93.12,6.60,8.16
1875.11,95.45,6.61,8.04
1875.12,96.28,6.61,7.93
1876.01,99.13,6.67,7.85
1876.02,100.46,6.67,7.71
1876.03,100.24,6.67,7.56
1876.04,97.31,6.73,7.47
1876.05,97.16,6.97,7.59
1876.06,99.20,7.17,7.65
1876.07,98.00,7.17,7.49
1876.08,93.06,7.10,7.26
1876.09,86.57,7.04,7.04
1876.10,84.53,6.91,6.76
1876.11,82.17,6.85,6.54
1876.12,80.27,6.73,6.28
1877.01,78.21,6.41,6.21
1877.02,75.56,6.37,6.41
1877.03,75.06,6.45,6.75
1877.04,67.72,6.06,6.60
1877.05,66.51,5.75,6.52
1877.06,65.26,5.86,6.93
1877.07,67.49,5.58,6.91
1877.08,75.03,5.58,7.21
1877.09,80.48,5.40,7.33
1877.10,82.22,5.17,7.37
1877.11,82.60,5.05,7.56
1877.12,82.35,4.81,7.60
1878.01,84.89,4.94,7.86
1878.02,83.93,4.97,7.96
1878.03,87.33,5.05,8.15
1878.04,90.72,5.09,8.26
1878.05,94.03,5.23,8.56
1878.06,98.18,5.33,8.78
1878.07,99.07,5.24,8.71
1878.08,97.13,5.16,8.63
1878.09,99.10,5.14,8.66
1878.10,99.07,5.17,8.78
1878.11,99.91,5.21,8.90
1878.12,101.64,5.30,9.13
1879.01,104.26,5.29,9.20
1879.02,106.82,5.28,9.26
1879.03,106.30,5.39,9.54
1879.04,111.07,5.50,9.82
1879.05,116.08,5.55,9.99
1879.06,118.04,5.66,10.28
1879.07,119.03,5.65,10.34
1879.08,119.91,5.69,10.51
1879.09,120.14,5.55,10.32
1879.10,126.15,5.30,9.93
1879.11,126.17,5.08,9.58
1879.12,122.21,4.97,9.44
1880.01,123.31,4.95,9.39
1880.02,125.48,5.07,9.61
1880.03,126.69,5.14,9.74
1880.04,128.67,5.46,10.35
1880.05,122.08,5.76,10.90
1880.06,125.12,6.01,11.36
1880.07,130.87,6.14,11.60
1880.08,135.57,6.27,11.84
1880.09,133.92,6.33,11.96
1880.10,137.80,6.46,12.20
1880.11,143.58,6.53,12.31
1880.12,147.97,6.59,12.42
1881.01,158.42,6.78,12.43
1881.02,156.33,6.84,12.20
1881.03,158.10,6.97,12.10
1881.04,156.04,7.02,11.87
1881.05,164.69,7.22,11.89
1881.06,166.72,7.35,11.78
1881.07,159.30,7.40,11.56
1881.08,152.51,7.38,11.23
1881.09,148.00,7.22,10.71
1881.10,144.28,7.27,10.52
1881.11,146.58,7.46,10.52
1881.12,142.31,7.58,10.42
1882.01,140.18,7.58,10.40
1882.02,135.83,7.51,10.28
1882.03,135.60,7.51,10.26
1882.04,134.36,7.44,10.15
1882.05,131.52,7.37,10.04
1882.06,129.65,7.30,9.93
1882.07,138.20,7.37,10.00
1882.08,141.07,7.30,9.89
1882.09,146.39,7.51,10.15
1882.10,143.73,7.58,10.22
1882.11,138.88,7.65,10.30
1882.12,140.92,7.72,10.38
1883.01,140.20,7.74,10.32
1883.02,135.77,7.69,10.16
1883.03,138.75,7.78,10.20
1883.04,143.01,7.88,10.23
1883.05,141.94,7.98,10.27
1883.06,147.46,8.23,10.51
1883.07,148.14,8.42,10.66
1883.08,141.42,8.45,10.60
1883.09,144.45,8.55,10.64
1883.10,140.53,8.58,10.58
1883.11,144.10,8.69,10.62
1883.12,139.48,8.62,10.45
1884.01,135.31,8.58,10.25
1884.02,138.96,8.53,10.06
1884.03,138.44,8.49,9.86
1884.04,134.95,8.62,9.87
1884.05,126.69,8.76,9.88
1884.06,121.51,8.72,9.67
1884.07,122.83,8.77,9.57
1884.08,130.54,8.72,9.36
1884.09,127.80,8.77,9.26
1884.10,125.00,8.82,9.15
1884.11,125.25,8.97,9.14
1884.12,126.39,9.03,9.03
1885.01,123.48,8.86,8.93
1885.02,125.82,8.59,8.73
1885.03,129.04,8.62,8.84
1885.04,127.27,8.35,8.64
1885.05,128.77,8.37,8.74
1885.06,131.26,8.39,8.85
1885.07,134.53,8.12,8.65
1885.08,142.07,7.94,8.55
1885.09,141.95,7.86,8.55
1885.10,150.19,7.68,8.45
1885.11,158.05,7.41,8.24
1885.12,153.20,7.07,7.95
1886.01,156.85,7.19,8.29
1886.02,159.86,7.14,8.45
1886.03,158.43,7.17,8.70
1886.04,158.20,7.21,8.96
1886.05,158.99,7.34,9.34
1886.06,168.38,7.38,9.62
1886.07,168.81,7.23,9.66
1886.08,167.98,7.09,9.70
1886.09,172.35,7.04,9.85
1886.10,176.73,6.98,10.01
1886.11,181.11,6.93,10.17
1886.12,174.27,6.80,10.20
1887.01,168.31,6.71,10.03
1887.02,165.14,6.71,9.99
1887.03,169.01,6.78,10.06
1887.04,172.89,6.86,10.13
1887.05,175.87,6.93,10.21
1887.06,172.83,7.09,10.41
1887.07,170.64,7.25,10.61
1887.08,164.39,7.24,10.56
1887.09,164.23,7.40,10.76
1887.10,156.85,7.39,10.71
1887.11,157.98,7.38,10.66
1887.12,153.48,7.28,10.48
1888.01,152.89,7.15,10.13
1888.02,153.77,7.18,10.00
1888.03,147.94,7.14,9.76
1888.04,150.25,7.17,9.63
1888.05,154.11,7.20,9.49
1888.06,151.12,7.24,9.35
1888.07,153.21,7.10,8.99
1888.08,156.49,7.06,8.74
1888.09,160.37,7.00,8.50
1888.10,157.62,6.87,8.15
1888.11,152.60,6.75,7.81
1888.12,149.69,6.70,7.57
1889.01,158.05,6.91,7.94
1889.02,161.79,6.97,8.14
1889.03,160.37,7.03,8.34
1889.04,160.06,7.00,8.44
1889.05,168.49,7.15,8.76
1889.06,171.34,7.13,8.87
1889.07,167.86,7.10,8.97
1889.08,170.07,7.07,9.08
1889.09,172.04,6.96,9.07
1889.10,168.91,6.93,9.17
1889.11,167.35,6.91,9.28
1889.12,164.38,6.80,9.27
1890.01,170.39,6.97,9.48
1890.02,168.49,6.97,9.45
1890.03,167.22,6.97,9.42
1890.04,170.71,6.97,9.40
1890.05,175.80,6.88,9.25
1890.06,174.54,6.88,9.23
1890.07,173.29,6.88,9.20
1890.08,163.18,6.64,8.85
1890.09,158.58,6.56,8.72
1890.10,151.43,6.56,8.70
1890.11,143.78,6.72,8.88
1890.12,140.42,6.72,8.85
1891.01,149.55,6.80,9.09
1891.02,149.58,6.72,9.11
1891.03,145.08,6.64,9.12
1891.04,148.15,6.56,9.14
1891.05,149.31,6.64,9.37
1891.06,149.86,6.80,9.73
1891.07,149.21,6.88,9.98
1891.08,154.21,6.88,10.11
1891.09,168.81,6.97,10.37
1891.10,168.81,6.97,10.51
1891.11,168.38,7.06,10.77
1891.12,173.51,7.06,10.90
1892.01,181.31,7.30,11.27
1892.02,181.64,7.35,11.35
1892.03,188.51,7.60,11.74
1892.04,190.71,7.76,11.98
1892.05,190.71,7.82,12.07
1892.06,189.69,7.88,12.15
1892.07,184.69,7.72,11.92
1892.08,184.93,7.68,11.85
1892.09,180.32,7.73,11.93
1892.10,183.94,7.79,12.01
1892.11,178.64,7.64,11.79
1892.12,174.51,7.60,11.72
1893.01,171.25,7.35,11.01
1893.02,166.20,7.29,10.61
1893.03,164.07,7.49,10.58
1893.04,166.10,7.61,10.43
1893.05,153.29,7.73,10.27
1893.06,149.75,7.96,10.23
1893.07,139.35,8.19,10.19
1893.08,141.61,8.56,10.30
1893.09,145.69,8.25,9.58
1893.10,148.07,8.17,9.16
1893.11,154.39,8.42,9.09
1893.12,151.00,8.56,8.90
1894.01,152.02,8.68,8.86
1894.02,156.30,8.68,8.68
1894.03,165.61,8.81,8.63
1894.04,167.81,8.69,8.32
1894.05,161.57,8.57,8.02
1894.06,159.37,8.45,7.71
1894.07,156.06,8.32,7.41
1894.08,157.38,7.97,6.90
1894.09,157.65,7.74,6.51
1894.10,157.09,7.84,6.40
1894.11,157.09,7.72,6.09
1894.12,157.90,7.71,5.88
1895.01,156.06,7.65,6.15
1895.02,153.86,7.59,6.43
1895.03,153.86,7.53,6.70
1895.04,153.78,7.15,6.69
1895.05,160.01,7.00,6.85
1895.06,160.92,6.85,7.02
1895.07,163.82,6.88,7.38
1895.08,168.56,6.92,7.74
1895.09,169.62,6.86,8.01
1895.10,167.15,6.80,8.27
1895.11,161.52,6.75,8.53
1895.12,154.16,6.78,8.92
1896.01,154.56,6.85,8.93
1896.02,163.41,6.91,8.93
1896.03,160.84,6.89,8.81
1896.04,164.69,6.96,8.82
1896.05,166.39,7.03,8.82
1896.06,165.84,7.10,8.83
1896.07,155.09,7.07,8.70
1896.08,146.26,7.04,8.57
1896.09,153.94,7.01,8.45
1896.10,152.77,6.77,8.07
1896.11,158.54,6.54,7.72
1896.12,152.75,6.52,7.60
1897.01,157.24,6.71,8.13
1897.02,155.75,6.71,8.45
1897.03,156.12,6.71,8.76
1897.04,153.54,6.81,9.20
1897.05,156.63,6.91,9.66
1897.06,163.92,6.91,9.98
1897.07,171.22,6.91,10.30
1897.08,174.42,6.61,10.16
1897.09,177.72,6.42,10.17
1897.10,174.46,6.52,10.62
1897.11,168.31,6.52,10.92
1897.12,171.93,6.52,11.22
1898.01,176.64,6.58,11.34
1898.02,173.79,6.54,11.30
1898.03,165.94,6.60,11.42
1898.04,163.08,6.66,11.54
1898.05,162.36,6.28,10.89
1898.06,180.57,6.78,11.78
1898.07,183.87,6.94,12.06
1898.08,190.75,7.00,12.19
1898.09,190.39,7.06,12.31
1898.10,186.41,7.12,12.43
1898.11,192.56,7.18,12.55
1898.12,201.63,7.14,12.49
1899.01,216.97,7.17,12.88
1899.02,219.01,7.00,12.90
1899.03,222.13,7.03,13.28
1899.04,221.87,6.96,13.47
1899.05,212.63,6.99,13.84
1899.06,205.06,6.93,14.02
1899.07,209.36,6.86,14.20
1899.08,211.91,6.80,14.37
1899.09,201.75,6.57,14.17
1899.10,198.32,6.52,14.34
1899.11,199.61,6.46,14.50
1899.12,183.77,6.41,14.65
1900.01,186.21,6.64,14.65
1900.02,187.31,6.79,14.48
1900.03,188.82,7.01,14.48
1900.04,191.23,7.24,14.48
1900.05,186.63,7.65,14.83
1900.06,183.30,7.98,15.01
1900.07,181.07,8.11,14.83
1900.08,185.81,8.45,15.01
1900.09,179.21,8.57,14.83
1900.10,187.99,8.91,15.01
1900.11,202.70,9.15,15.01
1900.12,217.58,9.50,15.20
1901.01,221.15,9.44,15.07
1901.02,229.62,9.61,15.31
1901.03,237.85,9.66,15.36
1901.04,261.07,9.84,15.61
1901.05,247.92,9.89,15.66
1901.06,272.61,9.94,15.72
1901.07,251.15,9.87,15.57
1901.08,251.49,9.80,15.43
1901.09,247.19,9.73,15.29
1901.10,244.41,9.79,15.35
1901.11,246.65,9.72,15.21
1901.12,239.80,9.65,15.08
1902.01,247.88,9.79,15.59
1902.02,250.01,9.82,15.93
1902.03,250.32,9.84,16.26
1902.04,255.78,9.75,16.39
1902.05,252.18,9.66,16.52
1902.06,247.77,9.58,16.65
1902.07,253.37,9.60,16.96
1902.08,263.21,9.74,17.49
1902.09,260.74,9.65,17.60
1902.10,236.02,9.04,16.75
1902.11,234.58,9.37,17.63
1902.12,226.63,9.29,17.74
1903.01,235.55,9.24,17.31
1903.02,234.16,9.28,17.08
1903.03,232.64,9.65,17.42
1903.04,223.14,9.69,17.18
1903.05,223.91,9.97,17.33
1903.06,211.54,10.02,17.09
1903.07,201.81,10.07,16.84
1903.08,195.33,10.11,16.60
1903.09,188.43,10.05,16.16
1903.10,184.43,10.21,16.11
1903.11,187.20,10.38,16.05
1903.12,195.84,10.43,15.80
1904.01,194.54,10.10,15.34
1904.02,185.05,9.77,14.90
1904.03,186.57,9.79,14.97
1904.04,193.38,9.81,15.05
1904.05,193.75,9.94,15.30
1904.06,194.05,9.84,15.20
1904.07,202.10,9.74,15.10
1904.08,206.53,9.52,14.83
1904.09,213.18,9.32,14.56
1904.10,225.70,9.22,14.47
1904.11,232.59,8.92,14.04
1904.12,234.87,8.83,13.95
1905.01,239.99,8.87,14.38
1905.02,250.52,8.92,14.80
1905.03,260.57,9.07,15.40
1905.04,257.40,9.12,15.84
1905.05,247.55,9.27,16.45
1905.06,250.46,9.32,16.89
1905.07,258.32,9.37,17.33
1905.08,264.89,9.31,17.56
1905.09,268.81,9.46,18.20
1905.10,272.59,9.51,18.64
1905.11,268.05,9.45,18.86
1905.12,271.59,9.39,19.07
1906.01,280.99,9.56,19.29
1906.02,278.99,9.73,19.50
1906.03,272.16,9.89,19.71
1906.04,268.46,10.06,19.93
1906.05,258.44,10.11,19.92
1906.06,261.82,10.28,20.13
1906.07,263.85,10.80,21.04
1906.08,277.00,10.72,20.78
1906.09,282.37,10.77,20.76
1906.10,267.97,10.69,20.52
1906.11,270.54,10.74,20.50
1906.12,265.23,10.78,20.49
1907.01,260.46,10.99,20.48
1907.02,246.97,10.85,19.82
1907.03,225.07,11.05,19.81
1907.04,226.15,11.14,19.59
1907.05,213.78,11.00,18.96
1907.06,204.79,10.97,18.55
1907.07,212.62,11.06,18.33
1907.08,196.69,11.15,18.11
1907.09,194.60,11.23,17.89
1907.10,171.67,11.20,17.50
1907.11,168.46,11.77,18.01
1907.12,180.94,12.12,18.18
1908.01,190.72,12.16,18.19
1908.02,185.81,12.20,18.21
1908.03,193.41,12.11,18.02
1908.04,201.58,11.88,17.63
1908.05,212.44,11.79,17.45
1908.06,212.72,11.69,17.26
1908.07,218.12,11.48,16.89
1908.08,227.48,11.38,16.71
1908.09,225.00,11.29,16.52
1908.10,225.31,11.08,16.16
1908.11,238.01,10.87,15.81
1908.12,240.84,10.67,15.47
1909.01,244.21,10.87,16.04
1909.02,234.70,10.85,16.27
1909.03,237.90,10.93,16.67
1909.04,243.45,10.80,16.72
1909.05,248.98,10.77,16.93
1909.06,250.81,10.75,17.15
1909.07,254.39,10.83,17.53
1909.08,257.93,10.81,17.74
1909.09,255.63,10.79,17.94
1909.10,251.65,10.66,17.96
1909.11,248.01,10.64,18.15
1909.12,248.54,10.62,18.34
1910.01,245.57,10.78,18.45
1910.02,236.80,10.84,18.39
1910.03,238.07,10.70,17.99
1910.04,230.16,10.66,17.76
1910.05,230.69,10.92,18.04
1910.06,221.70,11.08,18.15
1910.07,210.49,11.15,18.09
1910.08,217.70,11.32,18.20
1910.09,221.33,11.49,18.32
1910.10,238.53,11.90,18.81
1910.11,243.18,12.21,19.13
1910.12,236.39,12.28,19.07
1911.01,242.14,12.28,18.76
1911.02,254.18,12.67,19.05
1911.03,248.57,12.54,18.54
1911.04,255.57,12.94,18.82
1911.05,261.08,12.94,18.50
1911.06,266.31,12.94,18.18
1911.07,262.36,12.80,17.66
1911.08,242.02,12.40,16.80
1911.09,226.47,12.28,16.33
1911.10,227.77,12.28,16.02
1911.11,239.38,12.40,15.88
1911.12,242.97,12.54,15.74
1912.01,240.70,12.43,15.81
1912.02,236.13,12.32,15.89
1912.03,238.01,12.09,15.80
1912.04,238.22,11.76,15.57
1912.05,237.97,11.78,15.79
1912.06,240.33,11.92,16.18
1912.07,240.58,11.94,16.41
1912.08,243.68,11.84,16.48
1912.09,242.55,11.75,16.54
1912.10,242.05,11.77,16.77
1912.11,239.35,11.79,16.99
1912.12,233.00,11.92,17.39
1913.01,228.77,11.81,17.08
1913.02,220.65,11.81,16.93
1913.03,216.47,11.81,16.79
1913.04,216.23,11.81,16.65
1913.05,212.49,11.93,16.67
1913.06,199.74,11.81,16.36
1913.07,200.41,11.69,16.05
1913.08,205.76,11.69,15.91
1913.09,205.63,11.57,15.61
1913.10,199.12,11.57,15.47
1913.11,192.14,11.46,15.18
1913.12,193.82,11.57,15.19
1914.01,201.78,11.45,14.97
1914.02,206.49,11.44,14.90
1914.03,202.60,11.32,14.67
1914.04,199.74,11.32,14.59
1914.05,198.94,11.08,14.23
1914.06,197.97,10.96,14.00
1914.07,185.14,10.73,13.64
1914.08,181.51,10.40,13.16
1914.09,181.51,10.28,12.94
1914.10,183.31,10.26,12.85
1914.11,181.51,10.04,12.51
1914.12,175.43,10.02,12.41
1915.01,178.54,10.04,13.13
1915.02,177.91,10.17,13.98
1915.03,184.33,10.29,14.85
1915.04,196.23,10.20,15.43
1915.05,189.75,10.12,15.99
1915.06,191.90,10.14,16.71
1915.07,191.19,10.16,17.42
1915.08,199.30,10.18,18.14
1915.09,206.70,10.20,18.86
1915.10,216.02,10.12,19.38
1915.11,221.41,10.05,19.89
1915.12,221.88,10.06,20.60
1916.01,216.27,10.22,21.65
1916.02,213.26,10.47,22.91
1916.03,210.54,10.62,23.92
1916.04,206.27,10.76,24.95
1916.05,208.85,10.91,25.93
1916.06,208.93,11.05,26.90
1916.07,206.03,11.29,28.10
1916.08,205.68,11.43,29.04
1916.09,210.23,11.46,29.71
1916.10,212.91,11.48,30.34
1916.11,214.03,11.51,30.94
1916.12,203.66,11.64,31.80
1917.01,197.18,11.76,31.09
1917.02,181.41,11.69,29.89
1917.03,187.03,11.90,29.49
1917.04,175.45,11.54,27.68
1917.05,166.87,11.57,26.86
1917.06,167.64,11.59,26.05
1917.07,165.55,11.97,26.07
1917.08,158.18,11.99,25.28
1917.09,147.18,11.92,24.34
1917.10,137.14,11.93,23.61
1917.11,125.71,12.13,23.23
1917.12,119.66,12.14,22.52
1918.01,124.15,11.71,21.63
1918.02,127.03,11.46,21.06
1918.03,125.36,11.36,20.80
1918.04,122.40,11.03,20.08
1918.05,123.69,10.64,19.27
1918.06,122.18,10.33,18.61
1918.07,119.90,9.90,17.74
1918.08,118.66,9.55,17.02
1918.09,115.78,9.21,16.32
1918.10,118.43,8.89,15.64
1918.11,119.20,8.58,15.00
1918.12,115.42,8.33,14.46
1919.01,114.69,8.28,14.39
1919.02,117.26,8.38,14.58
1919.03,119.36,8.23,14.33
1919.04,121.11,8.04,14.00
1919.05,127.95,7.89,13.77
1919.06,131.38,7.85,13.69
1919.07,131.76,7.57,13.23
1919.08,120.81,7.40,12.94
1919.09,122.03,7.31,12.80
1919.10,126.13,7.15,12.52
1919.11,119.75,6.95,12.18
1919.12,113.78,6.76,11.86
1920.01,110.29,6.60,11.48
1920.02,100.14,6.51,11.23
1920.03,106.10,6.42,10.98
1920.04,102.13,6.21,10.53
1920.05,94.32,6.11,10.25
1920.06,91.35,6.00,9.98
1920.07,91.68,6.01,9.90
1920.08,90.25,6.14,10.01
1920.09,94.86,6.21,10.03
1920.10,95.46,6.22,9.95
1920.11,91.07,6.23,9.87
1920.12,84.62,6.34,9.94
1921.01,90.21,6.42,9.61
1921.02,92.50,6.57,9.37
1921.03,90.63,6.55,8.86
1921.04,92.03,6.57,8.39
1921.05,96.97,6.66,8.00
1921.06,89.72,6.64,7.46
1921.07,88.94,6.55,6.84
1921.08,87.85,6.49,6.27
1921.09,91.06,6.51,5.75
1921.10,92.30,6.45,5.17
1921.11,97.81,6.43,4.61
1921.12,101.86,6.41,4.04
1922.01,104.13,6.62,4.61
1922.02,106.41,6.68,5.09
1922.03,111.73,6.82,5.63
1922.04,118.51,6.88,6.11
1922.05,123.13,6.94,6.59
1922.06,121.98,7.00,7.07
1922.07,122.11,7.02,7.51
1922.08,128.23,7.16,8.08
1922.09,131.57,7.22,8.57
1922.10,133.67,7.24,9.00
1922.11,126.28,7.26,9.42
1922.12,125.24,7.27,9.84
1923.01,127.71,7.34,10.25
1923.02,133.16,7.37,10.59
1923.03,135.32,7.39,10.94
1923.04,129.81,7.37,11.22
1923.05,123.67,7.39,11.57
1923.06,118.27,7.37,11.84
1923.07,112.97,7.31,12.04
1923.08,114.19,7.38,12.45
1923.09,114.23,7.36,12.72
1923.10,111.90,7.34,12.98
1923.11,115.24,7.36,13.32
1923.12,119.14,7.39,13.66
1924.01,123.04,7.41,13.60
1924.02,124.32,7.47,13.62
1924.03,122.65,7.54,13.64
1924.04,120.54,7.61,13.66
1924.05,120.11,7.63,13.60
1924.06,122.38,7.66,13.54
1924.07,127.30,7.64,13.40
1924.08,132.45,7.70,13.42
1924.09,130.40,7.68,13.29
1924.10,127.96,7.66,13.15
1924.11,135.11,7.68,13.09
1924.12,141.58,7.66,12.96
1925.01,147.43,7.72,13.33
1925.02,149.55,7.82,13.78
1925.03,144.78,7.84,14.07
1925.04,144.08,7.94,14.53
1925.05,147.85,7.95,14.81
1925.06,148.78,7.92,15.02
1925.07,151.18,7.89,15.21
1925.08,153.22,7.94,15.57
1925.09,156.76,8.00,15.94
1925.10,161.94,8.06,16.30
1925.11,164.20,7.98,16.38
1925.12,167.81,8.08,16.83
1926.01,170.37,8.18,16.82
1926.02,170.64,8.28,16.81
1926.03,159.95,8.43,16.90
1926.04,154.61,8.48,16.79
1926.05,156.56,8.63,16.87
1926.06,164.94,8.78,16.96
1926.07,173.85,8.99,17.14
1926.08,181.77,9.14,17.22
1926.09,183.49,9.20,17.11
1926.10,178.34,9.25,17.01
1926.11,179.65,9.30,16.90
1926.12,183.73,9.40,16.89
1927.01,184.59,9.60,16.93
1927.02,189.25,9.74,16.87
1927.03,193.27,9.89,16.83
1927.04,198.01,9.99,16.68
1927.05,203.66,10.02,16.43
1927.06,203.95,10.00,16.09
1927.07,212.09,10.27,16.22
1927.08,224.67,10.42,16.16
1927.09,236.05,10.45,15.93
1927.10,231.10,10.48,15.68
1927.11,237.73,10.64,15.62
1927.12,243.30,10.73,15.47
1928.01,244.28,10.82,15.79
1928.02,244.17,11.04,16.28
1928.03,257.28,11.14,16.59
1928.04,273.50,11.23,16.92
1928.05,280.32,11.26,17.13
1928.06,268.14,11.42,17.55
1928.07,270.11,11.51,17.88
1928.08,278.85,11.61,18.19
1928.09,295.00,11.57,18.28
1928.10,302.74,11.73,18.71
1928.11,323.20,11.82,19.02
1928.12,326.36,11.98,19.45
1929.01,350.47,12.12,19.72
1929.02,352.30,12.27,19.99
1929.03,360.61,12.48,20.39
1929.04,360.61,12.70,20.78
1929.05,363.88,12.76,20.93
1929.06,368.66,12.83,21.08
1929.07,396.86,12.82,21.10
1929.08,419.44,12.96,21.36
1929.09,436.16,13.10,21.63
1929.10,390.03,13.24,21.91
1929.11,286.78,13.38,22.17
1929.12,299.94,13.60,22.57
1930.01,306.06,13.69,21.95
1930.02,327.15,13.78,21.31
1930.03,341.49,13.87,20.68
1930.04,361.04,13.80,19.81
1930.05,341.49,13.90,19.16
1930.06,308.80,13.99,18.51
1930.07,305.84,14.17,17.96
1930.08,303.75,14.27,17.28
1930.09,301.77,14.20,16.41
1930.10,261.82,14.29,15.74
1930.11,244.30,14.39,15.04
1930.12,232.24,14.67,14.52
1931.01,242.28,14.66,14.25
1931.02,264.10,14.64,13.97
1931.03,270.90,14.53,13.60
1931.04,246.67,14.41,13.22
1931.05,225.79,14.39,12.92
1931.06,221.43,14.37,12.61
1931.07,228.78,14.16,12.13
1931.08,221.91,13.94,11.65
1931.09,190.12,13.82,11.25
1931.10,165.84,13.70,10.84
1931.11,170.39,13.67,10.50
1931.12,139.36,13.54,10.07
1932.01,139.92,13.37,10.00
1932.02,140.71,13.11,9.86
1932.03,142.23,12.74,9.64
1932.04,108.92,12.37,9.42
1932.05,96.96,12.08,9.27
1932.06,84.55,11.70,9.04
1932.07,88.81,11.23,8.74
1932.08,134.46,10.83,8.51
1932.09,148.60,10.43,8.28
1932.10,129.05,10.03,8.04
1932.11,128.75,9.62,7.79
1932.12,125.50,9.20,7.54
1933.01,132.50,9.25,7.71
1933.02,118.64,9.30,7.88
1933.03,119.20,9.28,7.99
1933.04,131.82,9.18,8.04
1933.05,169.71,9.09,8.08
1933.06,197.22,8.92,8.07
1933.07,206.66,8.56,7.87
1933.08,194.87,8.40,7.85
1933.09,193.22,8.31,7.90
1933.10,174.41,8.22,7.94
1933.11,178.61,8.13,7.99
1933.12,182.08,8.04,8.04
1934.01,192.49,8.05,8.11
1934.02,205.18,8.01,8.13
1934.03,194.67,8.02,8.20
1934.04,197.93,8.04,8.28
1934.05,177.81,8.05,8.35
1934.06,178.82,8.01,8.37
1934.07,170.37,8.02,8.44
1934.08,163.71,8.04,8.51
1934.09,157.41,7.93,8.46
1934.10,159.82,8.01,8.60
1934.11,164.29,8.02,8.67
1934.12,166.59,8.10,8.82
1935.01,164.14,7.98,10.10
1935.02,158.02,7.92,11.44
1935.03,147.99,7.92,12.85
1935.04,157.92,7.80,13.22
1935.05,170.32,7.74,13.68
1935.06,178.08,7.74,14.25
1935.07,187.40,7.74,13.96
1935.08,200.07,7.74,13.67
1935.09,204.29,7.74,13.37
1935.10,209.75,7.92,13.37
1935.11,227.79,8.04,13.28
1935.12,227.79,8.21,13.28
1936.01,240.37,8.39,13.45
1936.02,254.17,8.56,13.63
1936.03,261.48,8.80,13.90
1936.04,261.83,9.09,14.43
1936.05,247.93,9.38,14.96
1936.06,256.62,9.61,15.37
1936.07,269.86,9.89,15.61
1936.08,273.27,10.16,15.84
1936.09,276.37,10.50,16.19
1936.10,290.83,11.14,16.65
1936.11,298.93,11.77,17.10
1936.12,293.76,12.40,17.56
1937.01,300.74,12.48,17.95
1937.02,309.63,12.65,18.47
1937.03,307.11,12.73,18.84
1937.04,286.76,13.15,19.05
1937.05,272.04,13.56,19.25
1937.06,261.83,14.06,19.59
1937.07,275.49,13.58,19.73
1937.08,278.31,13.19,20.01
1937.09,237.27,12.71,20.14
1937.10,202.76,12.88,19.65
1937.11,186.21,13.13,19.29
1937.12,184.49,13.39,18.92
1938.01,192.01,13.47,18.28
1938.02,188.75,13.45,17.50
1938.03,176.27,13.34,16.58
1938.04,167.90,13.02,15.34
1938.05,170.63,12.88,14.30
1938.06,174.56,12.65,13.16
1938.07,209.27,12.20,12.31
1938.08,210.47,11.74,11.46
1938.09,200.89,11.28,10.60
1938.10,224.88,10.50,10.79
1938.11,225.06,9.64,10.91
1938.12,218.51,8.78,11.02
1939.01,215.24,8.84,11.42
1939.02,215.06,8.96,11.91
1939.03,214.88,9.02,12.31
1939.04,189.19,9.14,12.69
1939.05,196.18,9.20,12.99
1939.06,199.67,9.26,13.28
1939.07,204.56,9.43,13.57
1939.08,201.59,9.61,13.86
1939.09,218.33,9.57,13.85
1939.10,222.13,9.99,14.46
1939.11,218.17,10.33,14.98
1939.12,213.00,10.68,15.50
1940.01,213.32,10.81,16.13
1940.02,210.42,10.79,16.53
1940.03,209.22,10.85,17.05
1940.04,211.28,10.96,17.33
1940.05,182.18,11.08,17.62
1940.06,165.33,11.11,17.78
1940.07,172.02,11.31,18.14
1940.08,175.64,11.42,18.37
1940.09,183.04,11.54,18.60
1940.10,184.76,11.54,18.42
1940.11,189.07,11.54,18.25
1940.12,180.03,11.46,17.95
1941.01,180.38,11.51,18.01
1941.02,169.09,11.57,18.07
1941.03,168.92,11.54,18.00
1941.04,162.51,11.52,18.04
1941.05,157.87,11.50,18.08
1941.06,160.06,11.32,17.88
1941.07,168.26,11.37,18.42
1941.08,165.19,11.27,18.71
1941.09,163.48,11.18,19.00
1941.10,154.88,11.08,18.59
1941.11,146.68,11.06,18.32
1941.12,136.24,11.04,18.04
1942.01,137.12,10.80,17.20
1942.02,131.98,10.63,16.48
1942.03,123.25,10.40,15.67
1942.04,117.39,10.18,15.27
1942.05,117.28,9.91,14.79
1942.06,123.20,9.76,14.49
1942.07,127.00,9.51,14.21
1942.08,125.50,9.25,13.93
1942.09,126.82,9.06,13.73
1942.10,134.54,8.81,14.00
1942.11,135.89,8.61,14.35
1942.12,135.80,8.42,14.69
1943.01,143.93,8.42,14.88
1943.02,152.49,8.42,15.07
1943.03,155.15,8.27,15.00
1943.04,158.50,8.17,14.96
1943.05,163.79,8.13,15.02
1943.06,166.68,8.13,15.15
1943.07,171.10,8.22,15.15
1943.08,163.59,8.31,15.14
1943.09,166.12,8.31,14.96
1943.10,164.59,8.36,14.32
1943.11,156.97,8.41,13.67
1943.12,159.05,8.45,13.02
1944.01,164.18,8.50,12.98
1944.02,163.07,8.54,12.93
1944.03,167.64,8.59,12.88
1944.04,163.79,8.59,12.77
1944.05,166.68,8.63,12.72
1944.06,173.54,8.63,12.60
1944.07,177.06,8.63,12.44
1944.08,174.47,8.67,12.35
1944.09,171.61,8.72,12.26
1944.10,175.83,8.72,12.39
1944.11,174.61,8.72,12.53
1944.12,177.42,8.67,12.60
1945.01,182.70,8.71,12.73
1945.02,188.79,8.76,12.87
1945.03,188.66,8.80,13.00
1945.04,193.40,8.80,13.18
1945.05,199.59,8.75,13.29
1945.06,200.98,8.66,13.32
1945.07,196.85,8.70,13.27
1945.08,197.52,8.75,13.23
1945.09,210.97,8.79,13.19
1945.10,219.76,8.79,13.05
1945.11,226.95,8.79,12.92
1945.12,229.55,8.74,12.72
1946.01,238.69,8.83,12.45
1946.02,240.67,8.97,12.25
1946.03,230.93,8.96,11.86
1946.04,244.48,8.91,11.53
1946.05,243.68,8.86,11.21
1946.06,239.52,8.77,10.83
1946.07,219.76,8.32,10.43
1946.08,211.24,8.19,10.42
1946.09,178.32,8.15,10.52
1946.10,170.95,8.07,10.97
1946.11,166.26,7.96,11.36
1946.12,169.65,7.96,11.89
1947.01,170.54,8.00,12.67
1947.02,177.16,8.04,13.46
1947.03,166.88,7.93,13.98
1947.04,160.71,8.07,14.60
1947.05,157.85,8.22,15.23
1947.06,162.61,8.33,15.78
1947.07,171.25,8.36,16.04
1947.08,165.64,8.36,16.21
1947.09,157.85,8.28,16.25
1947.10,161.94,8.45,16.46
1947.11,159.36,8.59,16.59
1947.12,154.84,8.65,16.59
1948.01,150.85,8.58,16.72
1948.02,144.64,8.69,17.20
1948.03,147.32,8.76,17.62
1948.04,155.99,8.61,17.83
1948.05,162.90,8.57,18.26
1948.06,168.25,8.50,18.61
1948.07,162.23,8.46,19.07
1948.08,156.84,8.49,19.68
1948.09,155.07,8.56,20.37
1948.10,159.96,8.79,21.18
1948.11,152.31,9.07,22.08
1948.12,151.94,9.30,22.91
1949.01,154.29,9.51,23.30
1949.02,149.61,9.76,23.80
1949.03,151.02,9.93,24.11
1949.04,150.19,10.02,24.07
1949.05,149.71,10.20,24.24
1949.06,140.91,10.29,24.21
1949.07,150.14,10.44,24.38
1949.08,154.87,10.47,24.24
1949.09,156.24,10.49,24.11
1949.10,161.63,10.92,24.07
1949.11,163.18,11.21,23.74
1949.12,168.95,11.64,23.70
1950.01,173.16,11.80,23.97
1950.02,176.55,11.90,24.14
1950.03,177.23,11.95,24.21
1950.04,182.23,12.05,24.79
1950.05,187.57,12.10,25.26
1950.06,189.82,12.15,25.73
1950.07,173.85,12.44,26.01
1950.08,182.84,12.76,26.39
1950.09,188.51,13.14,26.87
1950.10,194.72,13.49,27.05
1950.11,193.54,13.89,27.33
1950.12,190.45,14.17,27.39
1951.01,201.30,14.11,26.92
1951.02,206.36,14.10,26.58
1951.03,202.11,14.20,26.44
1951.04,204.82,14.33,26.10
1951.05,204.12,14.40,25.66
1951.06,200.58,14.52,25.32
1951.07,204.12,14.40,24.67
1951.08,213.05,14.27,24.01
1951.09,216.87,14.04,23.18
1951.10,214.94,13.65,22.88
1951.11,207.38,13.21,22.49
1951.12,212.96,12.83,22.20
1952.01,220.06,12.86,22.08
1952.02,217.70,12.99,22.12
1952.03,218.25,13.02,22.00
1952.04,216.78,13.06,21.73
1952.05,216.69,13.15,21.55
1952.06,221.79,13.19,21.29
1952.07,226.44,13.09,21.19
1952.08,227.35,13.09,21.25
1952.09,223.74,13.09,21.31
1952.10,219.04,12.97,21.43
1952.11,225.99,12.85,21.55
1952.12,235.11,12.73,21.67
1953.01,237.26,12.78,21.84
1953.02,235.25,12.83,22.01
1953.03,235.54,12.78,22.02
1953.04,223.94,12.81,22.26
1953.05,224.28,12.79,22.42
1953.06,215.43,12.77,22.58
1953.07,218.49,12.77,22.70
1953.08,218.58,12.73,22.73
1953.09,208.54,12.73,22.85
1953.10,214.02,12.77,22.65
1953.11,219.56,12.90,22.61
1953.12,222.52,12.99,22.49
1954.01,228.17,13.05,22.61
1954.02,233.18,13.11,22.73
1954.03,238.11,13.17,22.85
1954.04,248.54,13.16,23.15
1954.05,257.47,13.05,23.27
1954.06,259.53,12.99,23.48
1954.07,270.02,13.05,23.51
1954.08,275.39,13.11,23.54
1954.09,282.90,13.22,23.66
1954.10,289.47,13.43,24.08
1954.11,300.80,13.64,24.50
1954.12,315.74,13.90,25.01
1955.01,321.43,13.96,25.58
1955.02,332.17,14.02,26.15
1955.03,329.55,14.09,26.73
1955.04,340.93,14.12,27.51
1955.05,339.49,14.15,28.29
1955.06,359.17,14.18,29.07
1955.07,384.00,14.27,29.62
1955.08,381.67,14.42,30.28
1955.09,397.36,14.52,30.83
1955.10,377.38,14.58,31.37
1955.11,402.83,14.64,31.90
1955.12,408.11,14.75,32.56
1956.01,397.14,15.02,32.77
1956.02,399.66,15.29,32.98
1956.03,427.18,15.56,33.19
1956.04,430.61,15.71,32.80
1956.05,415.53,15.86,32.41
1956.06,410.09,15.95,31.91
1956.07,429.18,15.95,31.26
1956.08,428.19,16.13,30.97
1956.09,412.11,16.19,30.44
1956.10,405.35,15.84,30.18
1956.11,401.14,15.55,30.04
1956.12,405.63,15.20,29.78
1957.01,396.81,15.17,29.76
1957.02,378.32,15.09,29.62
1957.03,381.81,15.00,29.48
1957.04,389.26,14.95,29.44
1957.05,402.76,14.89,29.39
1957.06,407.93,14.84,29.34
1957.07,413.23,14.82,29.27
1957.08,390.48,14.91,29.42
1957.09,374.64,14.99,29.56
1957.10,351.30,15.08,29.27
1957.11,342.51,15.11,28.89
1957.12,342.34,15.19,28.61
1958.01,346.60,15.03,27.76
1958.02,347.78,14.98,27.11
1958.03,352.48,14.82,26.28
1958.04,353.18,14.65,25.61
1958.05,364.53,14.54,25.02
1958.06,373.28,14.43,24.44
1958.07,382.22,14.38,24.22
1958.08,397.89,14.43,24.16
1958.09,408.40,14.43,24.02
1958.10,425.00,14.49,24.05
1958.11,436.42,14.49,24.00
1958.12,446.19,14.60,24.11
1959.01,462.36,14.60,24.63
1959.02,456.87,14.71,25.33
1959.03,468.46,14.76,25.94
1959.04,474.66,14.77,26.66
1959.05,481.81,14.82,27.46
1959.06,476.01,14.83,28.17
1959.07,493.20,14.83,28.15
1959.08,490.40,14.89,28.24
1959.09,469.39,14.89,28.22
1959.10,467.38,14.90,28.02
1959.11,469.27,14.95,27.91
1959.12,484.27,15.01,27.80
1960.01,477.45,15.36,27.89
1960.02,457.38,15.61,27.80
1960.03,451.15,15.91,27.80
1960.04,455.42,15.88,27.35
1960.05,451.25,15.91,26.99
1960.06,466.34,15.88,26.55
1960.07,454.78,15.88,26.58
1960.08,460.23,15.88,26.60
1960.09,446.39,15.88,26.63
1960.10,434.66,15.77,26.45
1960.11,448.73,15.77,26.45
1960.12,459.49,15.77,26.45
1961.01,483.11,15.75,25.97
1961.02,502.93,15.72,25.48
1961.03,518.71,15.69,25.00
1961.04,532.54,15.69,24.84
1961.05,537.96,15.69,24.67
1961.06,530.84,15.69,24.51
1961.07,525.86,15.64,24.40
1961.08,546.56,15.75,24.54
1961.09,540.48,15.75,24.51
1961.10,546.43,15.91,24.88
1961.11,571.18,16.07,25.26
1961.12,576.48,16.23,25.63
1962.01,555.03,16.29,26.12
1962.02,562.39,16.28,26.51
1962.03,562.95,16.34,26.99
1962.04,543.21,16.34,27.17
1962.05,502.82,16.39,27.43
1962.06,444.07,16.44,27.70
1962.07,453.26,16.44,27.77
1962.08,465.59,16.50,27.93
1962.09,459.94,16.49,27.99
1962.10,445.43,16.63,28.36
1962.11,476.12,16.76,28.73
1962.12,496.73,16.89,29.10
1963.01,515.92,16.94,29.21
1963.02,522.74,17.00,29.31
1963.03,519.05,16.99,29.32
1963.04,543.48,17.13,29.67
1963.05,554.38,17.26,30.01
1963.06,552.34,17.33,30.25
1963.07,542.37,17.30,30.47
1963.08,557.37,17.33,30.78
1963.09,572.05,17.35,31.10
1963.10,571.60,17.48,31.15
1963.11,568.40,17.66,31.31
1963.12,578.65,17.79,31.36
1964.01,596.44,17.92,31.78
1964.02,603.77,18.05,32.19
1964.03,614.77,18.18,32.61
1964.04,623.66,18.31,33.00
1964.05,629.75,18.44,33.39
1964.06,623.99,18.51,33.67
1964.07,645.08,18.60,33.93
1964.08,637.67,18.82,34.40
1964.09,646.55,18.91,34.65
1964.10,657.71,19.07,34.86
1964.11,660.16,19.16,34.95
1964.12,648.73,19.32,35.16
1965.01,665.42,19.45,35.49
1965.02,670.29,19.57,35.83
1965.03,668.76,19.64,36.05
1965.04,675.38,19.73,36.34
1965.05,685.44,19.88,36.75
1965.06,648.76,19.91,36.92
1965.07,647.76,20.04,37.28
1965.08,659.82,20.17,37.64
1965.09,681.86,20.29,37.99
1965.10,695.00,20.38,38.40
1965.11,700.78,20.53,38.94
1965.12,695.39,20.62,39.34
1966.01,707.44,20.77,39.72
1966.02,698.28,20.79,39.85
1966.03,667.49,20.88,40.10
1966.04,683.66,20.87,40.15
1966.05,647.68,21.00,40.45
1966.06,640.33,21.06,40.62
1966.07,636.72,21.14,40.62
1966.08,594.57,21.16,40.50
1966.09,573.63,21.31,40.62
1966.10,565.16,21.13,40.47
1966.11,593.44,21.08,40.57
1966.12,595.94,21.03,40.67
1967.01,618.80,21.10,40.42
1967.02,640.12,21.18,40.18
1967.03,653.23,21.19,39.81
1967.04,662.47,21.12,39.40
1967.05,672.31,21.06,38.99
1967.06,661.90,20.99,38.59
1967.07,671.32,20.98,38.40
1967.08,679.96,20.96,38.21
1967.09,687.41,20.95,38.03
1967.10,684.30,20.89,37.98
1967.11,660.88,20.83,37.94
1967.12,677.70,20.76,37.90
1968.01,671.89,20.71,37.94
1968.02,639.68,20.72,38.09
1968.03,626.15,20.73,38.23
1968.04,670.44,20.77,38.43
1968.05,683.87,20.80,38.62
1968.06,698.20,20.77,38.70
1968.07,692.82,20.75,38.68
1968.08,675.76,20.78,38.78
1968.09,695.74,20.81,38.87
1968.10,708.87,20.78,38.88
1968.11,717.77,20.82,39.00
1968.12,723.21,20.85,39.11
1969.01,690.71,20.86,39.14
1969.02,683.48,20.81,39.06
1969.03,663.11,20.70,38.87
1969.04,672.74,20.65,38.70
1969.05,692.75,20.66,38.63
1969.06,653.00,20.62,38.47
1969.07,620.43,20.55,38.37
1969.08,613.62,20.48,38.27
1969.09,614.11,20.47,38.27
1969.10,617.35,20.38,37.83
1969.11,618.49,20.29,37.39
1969.12,582.60,20.21,36.96
1970.01,575.96,20.17,36.54
1970.02,552.94,20.09,36.03
1970.03,559.45,20.01,35.53
1970.04,538.18,19.87,35.02
1970.05,475.02,19.84,34.70
1970.06,469.65,19.76,34.30
1970.07,468.05,19.68,33.79
1970.08,481.65,19.70,33.46
1970.09,507.85,19.62,32.96
1970.10,516.22,19.42,32.33
1970.11,513.07,19.22,31.70
1970.12,545.44,19.02,31.07
1971.01,566.27,18.96,31.25
1971.02,586.73,18.85,31.36
1971.03,600.27,18.74,31.46
1971.04,619.21,18.68,31.58
1971.05,607.76,18.56,31.62
1971.06,592.11,18.41,31.59
1971.07,586.39,18.34,31.73
1971.08,574.55,18.28,31.87
1971.09,587.32,18.26,32.08
1971.10,573.44,18.17,32.54
1971.11,546.86,18.13,33.07
1971.12,581.68,18.01,33.43
1972.01,605.90,18.01,33.65
1972.02,614.06,17.92,33.70
1972.03,627.13,17.88,33.83
1972.04,632.01,17.83,34.06
1972.05,624.12,17.79,34.29
1972.06,624.36,17.75,34.51
1972.07,616.77,17.68,34.67
1972.08,637.12,17.66,34.92
1972.09,626.44,17.64,35.16
1972.10,624.62,17.69,35.52
1972.11,654.42,17.78,35.97
1972.12,666.49,17.87,36.42
1973.01,670.02,17.86,37.05
1973.02,641.73,17.78,37.50
1973.03,625.78,17.65,37.86
1973.04,609.87,17.62,38.39
1973.05,588.67,17.59,38.92
1973.06,571.59,17.56,39.43
1973.07,575.74,17.61,40.18
1973.08,554.84,17.39,40.29
1973.09,563.21,17.44,41.01
1973.10,580.47,17.48,41.48
1973.11,535.71,17.56,42.03
1973.12,494.56,17.64,42.58
1974.01,497.20,17.59,42.56
1974.02,477.29,17.47,42.36
1974.03,491.42,17.35,42.16
1974.04,464.36,17.38,42.62
1974.05,444.79,17.26,42.72
1974.06,441.75,17.22,43.00
1974.07,387.03,17.23,43.25
1974.08,366.57,17.16,43.33
1974.09,324.54,17.10,43.40
1974.10,327.59,16.95,42.63
1974.11,335.81,16.84,41.96
1974.12,311.53,16.72,41.29
1975.01,335.74,16.77,40.46
1975.02,367.81,16.74,39.47
1975.03,383.24,16.79,38.65
1975.04,386.08,16.79,37.76
1975.05,408.28,16.75,36.81
1975.06,415.58,16.69,35.80
1975.07,411.38,16.50,35.11
1975.08,380.52,16.47,34.75
1975.09,373.84,16.38,34.26
1975.10,388.92,16.25,34.37
1975.11,392.64,16.09,34.41
1975.12,385.28,15.98,34.58
1976.01,419.97,15.97,35.52
1976.02,434.62,15.93,36.41
1976.03,436.00,15.91,37.35
1976.04,437.88,15.96,38.06
1976.05,431.79,15.94,38.63
1976.06,432.06,15.96,39.26
1976.07,439.92,16.00,39.47
1976.08,433.84,16.04,39.69
1976.09,441.54,16.11,39.97
1976.10,424.27,16.31,40.26
1976.11,420.63,16.56,40.69
1976.12,433.68,16.78,41.05
1977.01,427.75,16.88,41.07
1977.02,411.98,16.90,40.89
1977.03,407.59,16.98,40.84
1977.04,397.97,17.06,40.96
1977.05,394.83,17.20,41.20
1977.06,394.33,17.32,41.38
1977.07,395.99,17.42,41.56
1977.08,385.04,17.54,41.81
1977.09,377.82,17.67,42.05
1977.10,366.85,17.83,42.15
1977.11,367.18,17.97,42.18
1977.12,364.21,18.13,42.27
1978.01,348.11,18.18,42.04
1978.02,341.03,18.23,41.81
1978.03,337.73,18.25,41.52
1978.04,349.76,18.25,41.59
1978.05,364.07,18.21,41.59
1978.06,361.09,18.15,41.52
1978.07,356.62,18.15,41.62
1978.08,379.50,18.20,41.85
1978.09,376.65,18.20,41.94
1978.10,361.43,18.10,42.48
1978.11,338.75,18.07,43.19
1978.12,342.24,18.05,43.91
1979.01,351.94,18.05,44.66
1979.02,342.70,17.99,45.27
1979.03,345.72,17.96,45.93
1979.04,348.63,17.92,46.19
1979.05,336.25,17.85,46.37
1979.06,339.10,17.81,46.61
1979.07,338.69,17.80,46.82
1979.08,350.83,17.81,47.08
1979.09,350.94,17.81,47.28
1979.10,335.00,17.81,47.15
1979.11,329.37,17.80,46.95
1979.12,338.82,17.76,46.71
1980.01,343.63,17.66,46.49
1980.02,352.29,17.57,46.28
1980.03,315.11,17.46,46.02
1980.04,306.55,17.40,45.16
1980.05,317.40,17.37,44.37
1980.06,334.06,17.32,43.55
1980.07,349.22,17.44,43.26
1980.08,357.41,17.44,42.66
1980.09,363.04,17.42,42.02
1980.10,370.13,17.34,41.79
1980.11,382.61,17.28,41.62
1980.12,372.92,17.21,41.40
1981.01,368.53,17.18,40.84
1981.02,352.14,17.11,40.21
1981.03,362.83,17.11,39.72
1981.04,363.64,17.09,39.84
1981.05,353.55,17.06,39.91
1981.06,352.03,17.00,39.94
1981.07,339.76,16.93,39.73
1981.08,338.49,16.92,39.66
1981.09,305.99,16.86,39.50
1981.10,309.21,16.92,39.49
1981.11,316.20,16.96,39.44
1981.12,317.50,17.00,39.39
1982.01,299.87,17.03,38.80
1982.02,291.78,17.05,38.21
1982.03,282.65,17.14,37.78
1982.04,295.43,17.15,37.08
1982.05,292.91,17.06,36.19
1982.06,272.63,16.92,35.22
1982.07,270.49,16.87,34.53
1982.08,270.68,16.87,33.96
1982.09,301.40,16.87,33.39
1982.10,325.76,16.83,32.54
1982.11,339.71,16.88,31.85
1982.12,344.32,16.97,31.22
1983.01,355.69,16.97,30.98
1983.02,361.48,16.98,30.76
1983.03,374.04,17.02,30.58
1983.04,385.57,16.92,30.50
1983.05,398.79,16.84,30.46
1983.06,403.16,16.81,30.50
1983.07,402.99,16.80,30.95
1983.08,390.72,16.79,31.43
1983.09,400.27,16.76,31.84
1983.10,400.27,16.78,32.33
1983.11,393.53,16.82,32.84
1983.12,391.23,16.87,33.39
1984.01,393.66,16.84,34.16
1984.02,370.32,16.83,34.96
1984.03,369.83,16.87,35.86
1984.04,368.50,16.89,36.41
1984.05,365.10,16.94,37.04
1984.06,355.91,16.99,37.66
1984.07,349.91,16.98,37.79
1984.08,379.25,16.97,37.93
1984.09,381.35,16.94,38.02
1984.10,377.29,17.01,37.97
1984.11,380.72,17.12,38.03
1984.12,376.60,17.24,38.10
1985.01,392.11,17.31,37.83
1985.02,411.41,17.32,37.46
1985.03,406.47,17.36,37.13
1985.04,407.27,17.33,36.37
1985.05,415.41,17.33,35.66
1985.06,423.22,17.34,34.97
1985.07,430.48,17.38,34.62
1985.08,420.31,17.43,34.28
1985.09,409.80,17.45,33.90
1985.10,412.95,17.43,33.32
1985.11,436.80,17.43,32.77
1985.12,457.22,17.42,32.22
1986.01,457.95,17.46,32.07
1986.02,483.91,17.60,32.09
1986.03,514.71,17.77,32.17
1986.04,528.31,17.86,32.37
1986.05,527.97,17.87,32.42
1986.06,540.04,17.83,32.38
1986.07,528.82,17.93,32.49
1986.08,538.40,17.99,32.53
1986.09,521.30,18.00,32.49
1986.10,518.86,18.02,32.19
1986.11,535.20,18.04,31.89
1986.12,542.36,18.06,31.59
1987.01,573.41,17.99,31.84
1987.02,606.78,17.97,32.17
1987.03,629.02,17.94,32.47
1987.04,618.83,17.97,31.81
1987.05,616.21,18.03,31.22
1987.06,640.17,18.10,30.63
1987.07,656.91,18.15,31.56
1987.08,694.13,18.15,32.41
1987.09,668.08,18.15,33.25
1987.10,585.85,18.21,34.30
1987.11,511.81,18.30,35.42
1987.12,503.45,18.40,36.56
1988.01,521.94,18.45,37.22
1988.02,536.38,18.50,37.88
1988.03,549.81,18.52,38.47
1988.04,540.61,18.62,40.38
1988.05,525.43,18.75,42.35
1988.06,553.03,18.86,44.27
1988.07,547.44,18.93,44.80
1988.08,534.21,19.01,45.33
1988.09,539.29,19.04,45.74
1988.10,556.35,19.15,46.28
1988.11,543.06,19.32,46.93
1988.12,553.16,19.51,47.51
1989.01,568.14,19.54,48.09
1989.02,582.85,19.62,48.69
1989.03,576.95,19.73,49.20
1989.04,592.00,19.75,49.05
1989.05,611.25,19.85,48.94
1989.06,628.80,20.14,48.99
1989.07,643.18,20.20,47.88
1989.08,670.59,20.41,46.82
1989.09,669.79,20.69,45.69
1989.10,666.78,20.72,44.96
1989.11,651.41,20.92,44.35
1989.12,666.43,21.14,43.72
1990.01,643.30,21.08,42.56
1990.02,622.36,21.15,41.58
1990.03,633.98,21.20,40.59
1990.04,632.47,21.39,40.27
1990.05,653.52,21.56,39.92
1990.06,668.82,21.64,39.45
1990.07,665.59,21.68,39.60
1990.08,605.88,21.59,39.53
1990.09,572.99,21.49,39.49
1990.10,554.59,21.54,39.02
1990.11,568.07,21.64,38.69
1990.12,592.32,21.78,38.45
1991.01,582.96,21.68,37.94
1991.02,647.85,21.66,37.60
1991.03,664.78,21.62,37.39
1991.04,677.00,21.63,36.31
1991.05,671.99,21.58,35.30
1991.06,670.55,21.54,34.41
1991.07,673.00,21.58,33.35
1991.08,687.21,21.60,32.35
1991.09,680.34,21.58,31.31
1991.10,678.79,21.50,30.18
1991.11,675.14,21.39,29.02
1991.12,679.18,21.33,27.92
1992.01,726.32,21.37,28.01
1992.02,717.58,21.36,28.04
1992.03,704.97,21.32,28.02
1992.04,704.05,21.29,28.48
1992.05,715.81,21.26,28.93
1992.06,702.01,21.18,29.32
1992.07,712.15,21.18,29.82
1992.08,715.05,21.16,30.30
1992.09,713.97,21.16,30.78
1992.10,701.28,21.06,31.26
1992.11,717.85,21.02,31.81
1992.12,740.10,21.05,32.43
1993.01,735.77,20.99,32.70
1993.02,744.10,20.97,33.00
1993.03,755.71,20.95,33.31
1993.04,741.76,20.92,32.93
1993.05,744.36,20.91,32.60
1993.06,748.02,20.90,32.27
1993.07,746.74,20.90,32.87
1993.08,756.06,20.84,33.38
1993.09,762.99,20.80,33.91
1993.10,767.56,20.75,34.58
1993.11,765.36,20.77,35.37
1993.12,770.42,20.80,36.19
1994.01,779.92,20.81,36.53
1994.02,774.94,20.82,36.86
1994.03,759.59,20.82,37.19
1994.04,731.44,20.86,38.50
1994.05,736.94,20.91,39.83
1994.06,740.85,20.91,41.05
1994.07,733.28,20.91,42.09
1994.08,751.11,20.87,43.07
1994.09,753.48,20.85,44.10
1994.10,747.90,20.98,45.83
1994.11,742.39,21.09,47.52
1994.12,733.02,21.21,49.28
1995.01,746.23,21.14,50.12
1995.02,769.89,21.06,50.96
1995.03,785.23,20.97,51.83
1995.04,806.07,21.02,52.65
1995.05,829.67,21.08,53.54
1995.06,852.60,21.12,54.43
1995.07,881.09,21.25,54.82
1995.08,881.53,21.30,55.07
1995.09,910.74,21.37,55.36
1995.10,914.28,21.41,54.54
1995.11,934.67,21.53,53.94
1995.12,965.18,21.66,53.33
1996.01,959.32,21.69,53.06
1996.02,1010.88,21.78,52.93
1996.03,1001.86,21.83,52.70
1996.04,998.17,21.83,52.95
1996.05,1017.90,21.88,53.29
1996.06,1028.44,21.95,53.71
1996.07,988.96,22.11,54.16
1996.08,1015.59,22.27,54.62
1996.09,1031.01,22.40,55.00
1996.10,1068.24,22.45,56.21
1996.11,1118.21,22.53,57.49
1996.12,1129.74,22.65,58.87
1997.01,1160.99,22.66,59.45
1997.02,1205.94,22.67,60.02
1997.03,1193.54,22.69,60.63
1997.04,1149.57,22.71,60.71
1997.05,1254.43,22.78,60.90
1997.06,1317.83,22.80,60.98
1997.07,1389.79,22.86,60.95
1997.08,1390.12,22.90,60.88
1997.09,1401.29,22.93,60.78
1997.10,1418.92,22.95,60.17
1997.11,1401.53,23.05,59.75
1997.12,1438.31,23.17,59.36
1998.01,1437.12,23.20,59.16
1998.02,1524.36,23.23,58.96
1998.03,1600.45,23.25,58.77
1998.04,1649.96,23.37,58.38
1998.05,1641.33,23.47,57.99
1998.06,1639.27,23.59,57.64
1998.07,1708.44,23.66,57.13
1998.08,1585.43,23.73,56.63
1998.09,1503.95,23.78,56.13
1998.10,1517.67,23.76,55.80
1998.11,1682.25,23.79,55.62
1998.12,1750.38,23.83,55.47
1999.01,1832.27,23.89,55.66
1999.02,1826.83,23.98,55.92
1999.03,1872.55,24.03,56.07
1999.04,1936.05,23.86,56.95
1999.05,1932.15,23.86,58.22
1999.06,1918.34,23.86,59.50
1999.07,1997.10,23.88,60.74
1999.08,1915.14,23.91,62.01
1999.09,1892.63,23.89,63.12
1999.10,1863.23,23.87,65.02
1999.11,1992.45,23.88,66.99
1999.12,2046.42,23.91,69.00
2000.01,2035.95,23.87,70.12
2000.02,1971.83,23.76,71.02
2000.03,2030.81,23.60,71.74
2000.04,2056.58,23.56,72.16
2000.05,1993.90,23.50,72.53
2000.06,2044.29,23.35,72.60
2000.07,2054.96,23.14,73.26
2000.08,2072.35,22.97,74.09
2000.09,2037.45,22.69,74.53
2000.10,1925.99,22.62,72.69
2000.11,1908.13,22.57,70.94
2000.12,1843.96,22.54,69.27
2001.01,1838.84,22.26,66.75
2001.02,1790.55,22.04,64.40
2001.03,1622.44,21.85,62.17
2001.04,1621.46,21.64,57.99
2001.05,1723.41,21.41,53.82
2001.06,1677.62,21.25,49.83
2001.07,1635.82,21.33,46.13
2001.08,1600.58,21.35,42.29
2001.09,1412.41,21.28,38.28
2001.10,1460.52,21.35,36.77
2001.11,1535.14,21.39,35.19
2001.12,1562.02,21.47,33.68
2002.01,1552.07,21.42,33.61
2002.02,1492.35,21.33,33.49
2002.03,1555.62,21.21,33.30
2002.04,1490.85,21.23,34.03
2002.05,1447.03,21.37,34.94
2002.06,1358.81,21.49,35.83
2002.07,1209.49,21.36,37.26
2002.08,1217.43,21.19,38.61
2002.09,1155.82,21.04,40.01
2002.10,1136.38,21.13,38.86
2002.11,1209.92,21.25,37.77
2002.12,1198.27,21.42,36.77
2003.01,1188.56,21.39,37.81
2003.02,1102.04,21.29,38.72
2003.03,1108.02,21.23,39.68
2003.04,1167.36,21.25,41.62
2003.05,1229.61,21.27,43.54
2003.06,1296.56,21.22,45.34
2003.07,1301.10,21.38,47.05
2003.08,1292.24,21.48,48.63
2003.09,1326.98,21.59,50.22
2003.10,1353.56,21.97,54.69
2003.11,1371.82,22.37,59.26
2003.12,1413.52,22.75,63.75
2004.01,1474.18,22.91,64.86
2004.02,1480.30,23.06,65.92
2004.03,1445.89,23.18,66.89
2004.04,1453.30,23.35,68.45
2004.05,1405.86,23.47,69.82
2004.06,1439.51,23.64,71.36
2004.07,1407.54,23.91,72.16
2004.08,1385.29,24.14,72.80
2004.09,1418.83,24.32,73.34
2004.10,1410.83,24.31,73.28
2004.11,1475.38,24.42,73.57
2004.12,1519.15,24.63,74.17
2005.01,1493.46,24.91,74.72
2005.02,1507.80,25.10,74.99
2005.03,1490.20,25.23,75.10
2005.04,1442.50,25.35,75.86
2005.05,1461.16,25.67,77.19
2005.06,1490.12,25.94,78.41
2005.07,1507.92,26.04,79.37
2005.08,1502.73,26.13,80.28
2005.09,1486.59,26.04,80.60
2005.10,1442.50,26.29,81.80
2005.11,1509.59,26.80,83.83
2005.12,1545.98,27.22,85.54
2006.01,1554.54,27.24,86.04
2006.02,1548.88,27.41,87.02
2006.03,1560.98,27.49,87.68
2006.04,1557.89,27.52,87.67
2006.05,1535.72,27.64,87.96
2006.06,1488.93,27.85,88.50
2006.07,1492.91,28.03,89.85
2006.08,1521.80,28.23,91.29
2006.09,1565.64,28.63,93.35
2006.10,1628.70,29.10,95.03
2006.11,1661.34,29.45,96.34
2006.12,1692.06,29.72,97.37
2007.01,1696.13,29.87,97.73
2007.02,1711.55,29.96,97.85
2007.03,1651.68,29.92,97.61
2007.04,1707.14,29.99,97.67
2007.05,1751.83,30.08,97.76
2007.06,1751.97,30.28,98.26
2007.07,1759.97,30.60,95.84
2007.08,1686.57,30.97,93.58
2007.09,1731.08,31.20,90.88
2007.10,1776.46,31.42,85.91
2007.11,1678.49,31.52,80.66
2007.12,1697.79,31.83,75.96
2008.01,1574.66,31.89,73.38
2008.02,1542.89,32.01,70.97
2008.03,1486.81,31.95,68.18
2008.04,1537.92,31.91,64.39
2008.05,1561.52,31.80,60.51
2008.06,1477.67,31.63,56.59
2008.07,1377.98,31.52,54.32
2008.08,1410.06,31.69,52.55
2008.09,1340.92,31.79,50.63
2008.10,1078.39,31.94,39.62
2008.11,1002.12,32.39,28.64
2008.12,1006.31,32.56,17.06
2009.01,988.27,31.98,13.94
2009.02,914.82,31.40,10.83
2009.03,858.08,30.89,7.77
2009.04,958.85,30.19,8.00
2009.05,1017.25,29.47,8.22
2009.06,1035.09,28.60,8.39
2009.07,1047.59,28.02,10.28
2009.08,1127.80,27.32,12.13
2009.09,1165.96,26.68,14.00
2009.10,1190.61,26.10,28.27
2009.11,1212.51,25.53,42.52
2009.12,1239.55,25.02,56.90
2010.01,1250.02,24.74,60.40
2010.02,1211.42,24.55,64.08
2010.03,1276.13,24.26,67.49
2010.04,1323.98,24.27,69.65
2010.05,1243.11,24.30,71.87
2010.06,1198.20,24.38,74.21
2010.07,1194.02,24.49,75.95
2010.08,1200.63,24.57,77.60
2010.09,1238.34,24.67,79.31
2010.10,1291.36,24.77,81.22
2010.11,1320.90,24.90,83.21
2010.12,1365.54,25.00,85.08
2011.01,1404.04,25.14,86.12
2011.02,1439.09,25.27,87.13
2011.03,1407.25,25.28,87.72
2011.04,1427.21,25.44,88.07
2011.05,1427.78,25.64,88.57
2011.06,1374.83,26.00,89.57
2011.07,1414.05,26.27,90.60
2011.08,1261.31,26.50,91.45
2011.09,1247.25,26.75,92.42
2011.10,1285.33,27.25,92.60
2011.11,1306.87,27.72,92.66
2011.12,1328.16,28.23,92.88
2012.01,1383.24,28.44,93.04
2012.02,1432.14,28.64,93.19
2012.03,1459.97,28.74,93.05
2012.04,1452.63,28.99,92.55
2012.05,1406.96,29.37,92.44
2012.06,1390.34,29.75,92.36
2012.07,1430.81,30.24,92.01
2012.08,1468.58,30.52,91.01
2012.09,1503.70,30.83,90.11
2012.10,1498.45,31.41,90.15
2012.11,1460.23,32.14,90.58
2012.12,1493.34,32.81,90.83
2013.01,1549.77,33.01,90.98
2013.02,1570.32,33.04,90.65
2013.03,1606.11,33.25,90.83
2013.04,1628.39,33.69,92.04
2013.05,1697.04,34.03,93.00
2013.06,1671.23,34.35,93.90
2013.07,1722.08,34.72,95.04
2013.08,1721.46,35.07,96.10
2013.09,1737.05,35.42,97.16
2013.10,1775.45,35.71,99.42
2013.11,1844.77,35.99,101.63
2013.12,1870.01,36.19,103.65
2014.01,1878.10,36.49,103.49
2014.02,1865.72,36.78,103.33
2014.03,1901.20,36.96,102.89
2014.04,1895.71,37.23,103.32
2014.05,1914.96,37.49,103.73
2014.06,1969.38,37.81,104.30
2014.07,1996.46,38.20,105.30
2014.08,1988.08,38.64,106.43
2014.09,2018.69,38.98,107.31
2014.10,1966.95,39.40,106.35
2014.11,2087.17,39.94,105.68
2014.12,2109.03,40.49,105.04
2015.01,2092.09,41.15,104.48
2015.02,2138.52,41.44,102.98
2015.03,2123.61,41.67,101.33
2015.04,2134.46,41.90,99.65
2015.05,2140.95,42.00,97.68
2015.06,2120.69,42.17,95.88
2015.07,2115.35,42.42,94.44
2015.08,2063.45,42.74,93.14
2015.09,1969.95,43.07,91.85
2015.10,2052.33,43.39,90.50
2015.11,2113.36,43.77,89.29
2015.12,2093.56,44.22,88.19
2016.01,1952.25,44.32,88.02
2016.02,1936.23,44.45,87.91
2016.03,2046.90,44.42,87.51
2016.04,2091.24,44.41,87.26
2016.05,2072.79,44.42,87.06
2016.06,2084.35,44.47,86.94
2016.07,2152.86,44.73,
2016.08,2172.95,44.88,
2016.09,2154.50,44.96,
2016.10,2137.19,45.13,
2016.11,2162.46,45.42,
2016.12,2245.75,45.68,